date,currency,quote,exchange_rate,unit,source,pair
2000-01-01,EUR,KRW,1146.91,원,ECOS,EUR/KRW
2000-01-01,EUR,USD,1.0139,달러,ECOS,EUR/USD
2000-01-01,JPY,KRW,1074.52,원,ECOS,JPY/KRW
2000-01-01,USD,KRW,1131.07,원,ECOS,USD/KRW
2000-02-01,EUR,KRW,1110.74,원,ECOS,EUR/KRW
2000-02-01,EUR,USD,0.984,달러,ECOS,EUR/USD
2000-02-01,JPY,KRW,1030.93,원,ECOS,JPY/KRW
2000-02-01,USD,KRW,1128.8,원,ECOS,USD/KRW
2000-03-01,EUR,KRW,1078.11,원,ECOS,EUR/KRW
2000-03-01,EUR,USD,0.965,달러,ECOS,EUR/USD
2000-03-01,JPY,KRW,1048.11,원,ECOS,JPY/KRW
2000-03-01,USD,KRW,1117.19,원,ECOS,USD/KRW
2000-04-01,EUR,KRW,1049.39,원,ECOS,EUR/KRW
2000-04-01,EUR,USD,0.9456,달러,ECOS,EUR/USD
2000-04-01,JPY,KRW,1052.99,원,ECOS,JPY/KRW
2000-04-01,USD,KRW,1109.76,원,ECOS,USD/KRW
2000-05-01,EUR,KRW,1017.59,원,ECOS,EUR/KRW
2000-05-01,EUR,USD,0.9085,달러,ECOS,EUR/USD
2000-05-01,JPY,KRW,1036.5,원,ECOS,JPY/KRW
2000-05-01,USD,KRW,1120.01,원,ECOS,USD/KRW
2000-06-01,EUR,KRW,1061.78,원,ECOS,EUR/KRW
2000-06-01,EUR,USD,0.9491,달러,ECOS,EUR/USD
2000-06-01,JPY,KRW,1053.17,원,ECOS,JPY/KRW
2000-06-01,USD,KRW,1118.73,원,ECOS,USD/KRW
2000-07-01,EUR,KRW,1048.61,원,ECOS,EUR/KRW
2000-07-01,EUR,USD,0.9406,달러,ECOS,EUR/USD
2000-07-01,JPY,KRW,1033.62,원,ECOS,JPY/KRW
2000-07-01,USD,KRW,1114.86,원,ECOS,USD/KRW
2000-08-01,EUR,KRW,1009.99,원,ECOS,EUR/KRW
2000-08-01,EUR,USD,0.9062,달러,ECOS,EUR/USD
2000-08-01,JPY,KRW,1031.23,원,ECOS,JPY/KRW
2000-08-01,USD,KRW,1114.57,원,ECOS,USD/KRW
2000-09-01,EUR,KRW,975.68,원,ECOS,EUR/KRW
2000-09-01,EUR,USD,0.8739,달러,ECOS,EUR/USD
2000-09-01,JPY,KRW,1044.85,원,ECOS,JPY/KRW
2000-09-01,USD,KRW,1116.5,원,ECOS,USD/KRW
2000-10-01,EUR,KRW,962.15,원,ECOS,EUR/KRW
2000-10-01,EUR,USD,0.8536,달러,ECOS,EUR/USD
2000-10-01,JPY,KRW,1040.25,원,ECOS,JPY/KRW
2000-10-01,USD,KRW,1127.31,원,ECOS,USD/KRW
2000-11-01,EUR,KRW,983.55,원,ECOS,EUR/KRW
2000-11-01,EUR,USD,0.8545,달러,ECOS,EUR/USD
2000-11-01,JPY,KRW,1057.17,원,ECOS,JPY/KRW
2000-11-01,USD,KRW,1151.15,원,ECOS,USD/KRW
2000-12-01,EUR,KRW,1091.38,원,ECOS,EUR/KRW
2000-12-01,EUR,USD,0.8984,달러,ECOS,EUR/USD
2000-12-01,JPY,KRW,1083.21,원,ECOS,JPY/KRW
2000-12-01,USD,KRW,1214.4,원,ECOS,USD/KRW
2001-01-01,EUR,KRW,1196.42,원,ECOS,EUR/KRW
2001-01-01,EUR,USD,0.94,달러,ECOS,EUR/USD
2001-01-01,JPY,KRW,1088.93,원,ECOS,JPY/KRW
2001-01-01,USD,KRW,1272.82,원,ECOS,USD/KRW
2001-02-01,EUR,KRW,1154.53,원,ECOS,EUR/KRW
2001-02-01,EUR,USD,0.9218,달러,ECOS,EUR/USD
2001-02-01,JPY,KRW,1078.01,원,ECOS,JPY/KRW
2001-02-01,USD,KRW,1252.44,원,ECOS,USD/KRW
2001-03-01,EUR,KRW,1171.67,원,ECOS,EUR/KRW
2001-03-01,EUR,USD,0.9097,달러,ECOS,EUR/USD
2001-03-01,JPY,KRW,1061.62,원,ECOS,JPY/KRW
2001-03-01,USD,KRW,1288.43,원,ECOS,USD/KRW
2001-04-01,EUR,KRW,1183.73,원,ECOS,EUR/KRW
2001-04-01,EUR,USD,0.893,달러,ECOS,EUR/USD
2001-04-01,JPY,KRW,1071.0,원,ECOS,JPY/KRW
2001-04-01,USD,KRW,1325.55,원,ECOS,USD/KRW
2001-05-01,EUR,KRW,1137.12,원,ECOS,EUR/KRW
2001-05-01,EUR,USD,0.8757,달러,ECOS,EUR/USD
2001-05-01,JPY,KRW,1065.38,원,ECOS,JPY/KRW
2001-05-01,USD,KRW,1298.46,원,ECOS,USD/KRW
2001-06-01,EUR,KRW,1104.1,원,ECOS,EUR/KRW
2001-06-01,EUR,USD,0.8533,달러,ECOS,EUR/USD
2001-06-01,JPY,KRW,1058.2,원,ECOS,JPY/KRW
2001-06-01,USD,KRW,1293.83,원,ECOS,USD/KRW
2001-07-01,EUR,KRW,1121.46,원,ECOS,EUR/KRW
2001-07-01,EUR,USD,0.8658,달러,ECOS,EUR/USD
2001-07-01,JPY,KRW,1046.98,원,ECOS,JPY/KRW
2001-07-01,USD,KRW,1302.6,원,ECOS,USD/KRW
2001-08-01,EUR,KRW,1157.41,원,ECOS,EUR/KRW
2001-08-01,EUR,USD,0.9005,달러,ECOS,EUR/USD
2001-08-01,JPY,KRW,1057.22,원,ECOS,JPY/KRW
2001-08-01,USD,KRW,1285.39,원,ECOS,USD/KRW
2001-09-01,EUR,KRW,1180.07,원,ECOS,EUR/KRW
2001-09-01,EUR,USD,0.9121,달러,ECOS,EUR/USD
2001-09-01,JPY,KRW,1090.14,원,ECOS,JPY/KRW
2001-09-01,USD,KRW,1293.7,원,ECOS,USD/KRW
2001-10-01,EUR,KRW,1178.9,원,ECOS,EUR/KRW
2001-10-01,EUR,USD,0.905,달러,ECOS,EUR/USD
2001-10-01,JPY,KRW,1073.11,원,ECOS,JPY/KRW
2001-10-01,USD,KRW,1302.6,원,ECOS,USD/KRW
2001-11-01,EUR,KRW,1140.69,원,ECOS,EUR/KRW
2001-11-01,EUR,USD,0.8883,달러,ECOS,EUR/USD
2001-11-01,JPY,KRW,1049.55,원,ECOS,JPY/KRW
2001-11-01,USD,KRW,1284.0,원,ECOS,USD/KRW
2001-12-01,EUR,KRW,1150.62,원,ECOS,EUR/KRW
2001-12-01,EUR,USD,0.8922,달러,ECOS,EUR/USD
2001-12-01,JPY,KRW,1013.12,원,ECOS,JPY/KRW
2001-12-01,USD,KRW,1289.66,원,ECOS,USD/KRW
2002-01-01,EUR,KRW,1165.5,원,ECOS,EUR/KRW
2002-01-01,EUR,USD,0.8846,달러,ECOS,EUR/USD
2002-01-01,JPY,KRW,993.41,원,ECOS,JPY/KRW
2002-01-01,USD,KRW,1317.6,원,ECOS,USD/KRW
2002-02-01,EUR,KRW,1146.71,원,ECOS,EUR/KRW
2002-02-01,EUR,USD,0.8696,달러,ECOS,EUR/USD
2002-02-01,JPY,KRW,987.52,원,ECOS,JPY/KRW
2002-02-01,USD,KRW,1318.72,원,ECOS,USD/KRW
2002-03-01,EUR,KRW,1158.75,원,ECOS,EUR/KRW
2002-03-01,EUR,USD,0.8762,달러,ECOS,EUR/USD
2002-03-01,JPY,KRW,1008.73,원,ECOS,JPY/KRW
2002-03-01,USD,KRW,1322.51,원,ECOS,USD/KRW
2002-04-01,EUR,KRW,1168.21,원,ECOS,EUR/KRW
2002-04-01,EUR,USD,0.8858,달러,ECOS,EUR/USD
2002-04-01,JPY,KRW,1007.97,원,ECOS,JPY/KRW
2002-04-01,USD,KRW,1318.93,원,ECOS,USD/KRW
2002-05-01,EUR,KRW,1160.82,원,ECOS,EUR/KRW
2002-05-01,EUR,USD,0.917,달러,ECOS,EUR/USD
2002-05-01,JPY,KRW,1001.56,원,ECOS,JPY/KRW
2002-05-01,USD,KRW,1266.06,원,ECOS,USD/KRW
2002-06-01,EUR,KRW,1169.42,원,ECOS,EUR/KRW
2002-06-01,EUR,USD,0.9559,달러,ECOS,EUR/USD
2002-06-01,JPY,KRW,993.12,원,ECOS,JPY/KRW
2002-06-01,USD,KRW,1223.47,원,ECOS,USD/KRW
2002-07-01,EUR,KRW,1175.59,원,ECOS,EUR/KRW
2002-07-01,EUR,USD,0.9921,달러,ECOS,EUR/USD
2002-07-01,JPY,KRW,1003.88,원,ECOS,JPY/KRW
2002-07-01,USD,KRW,1185.12,원,ECOS,USD/KRW
2002-08-01,EUR,KRW,1170.0,원,ECOS,EUR/KRW
2002-08-01,EUR,USD,0.978,달러,ECOS,EUR/USD
2002-08-01,JPY,KRW,1004.44,원,ECOS,JPY/KRW
2002-08-01,USD,KRW,1196.37,원,ECOS,USD/KRW
2002-09-01,EUR,KRW,1184.33,원,ECOS,EUR/KRW
2002-09-01,EUR,USD,0.98,달러,ECOS,EUR/USD
2002-09-01,JPY,KRW,1001.56,원,ECOS,JPY/KRW
2002-09-01,USD,KRW,1208.5,원,ECOS,USD/KRW
2002-10-01,EUR,KRW,1217.23,원,ECOS,EUR/KRW
2002-10-01,EUR,USD,0.9807,달러,ECOS,EUR/USD
2002-10-01,JPY,KRW,1001.05,원,ECOS,JPY/KRW
2002-10-01,USD,KRW,1241.13,원,ECOS,USD/KRW
2002-11-01,EUR,KRW,1214.16,원,ECOS,EUR/KRW
2002-11-01,EUR,USD,1.0019,달러,ECOS,EUR/USD
2002-11-01,JPY,KRW,997.21,원,ECOS,JPY/KRW
2002-11-01,USD,KRW,1211.91,원,ECOS,USD/KRW
2002-12-01,EUR,KRW,1232.05,원,ECOS,EUR/KRW
2002-12-01,EUR,USD,1.0192,달러,ECOS,EUR/USD
2002-12-01,JPY,KRW,991.85,원,ECOS,JPY/KRW
2002-12-01,USD,KRW,1208.91,원,ECOS,USD/KRW
2003-01-01,EUR,KRW,1251.13,원,ECOS,EUR/KRW
2003-01-01,EUR,USD,1.061,달러,ECOS,EUR/USD
2003-01-01,JPY,KRW,993.28,원,ECOS,JPY/KRW
2003-01-01,USD,KRW,1179.27,원,ECOS,USD/KRW
2003-02-01,EUR,KRW,1283.12,원,ECOS,EUR/KRW
2003-02-01,EUR,USD,1.0772,달러,ECOS,EUR/USD
2003-02-01,JPY,KRW,996.78,원,ECOS,JPY/KRW
2003-02-01,USD,KRW,1191.19,원,ECOS,USD/KRW
2003-03-01,EUR,KRW,1330.93,원,ECOS,EUR/KRW
2003-03-01,EUR,USD,1.0801,달러,ECOS,EUR/USD
2003-03-01,JPY,KRW,1038.54,원,ECOS,JPY/KRW
2003-03-01,USD,KRW,1232.4,원,ECOS,USD/KRW
2003-04-01,EUR,KRW,1338.83,원,ECOS,EUR/KRW
2003-04-01,EUR,USD,1.0861,달러,ECOS,EUR/USD
2003-04-01,JPY,KRW,1029.19,원,ECOS,JPY/KRW
2003-04-01,USD,KRW,1232.82,원,ECOS,USD/KRW
2003-05-01,EUR,KRW,1392.26,원,ECOS,EUR/KRW
2003-05-01,EUR,USD,1.1605,달러,ECOS,EUR/USD
2003-05-01,JPY,KRW,1023.33,원,ECOS,JPY/KRW
2003-05-01,USD,KRW,1199.78,원,ECOS,USD/KRW
2003-06-01,EUR,KRW,1393.28,원,ECOS,EUR/KRW
2003-06-01,EUR,USD,1.1669,달러,ECOS,EUR/USD
2003-06-01,JPY,KRW,1008.76,원,ECOS,JPY/KRW
2003-06-01,USD,KRW,1194.02,원,ECOS,USD/KRW
2003-07-01,EUR,KRW,1345.45,원,ECOS,EUR/KRW
2003-07-01,EUR,USD,1.1386,달러,ECOS,EUR/USD
2003-07-01,JPY,KRW,995.77,원,ECOS,JPY/KRW
2003-07-01,USD,KRW,1181.59,원,ECOS,USD/KRW
2003-08-01,EUR,KRW,1314.49,원,ECOS,EUR/KRW
2003-08-01,EUR,USD,1.1154,달러,ECOS,EUR/USD
2003-08-01,JPY,KRW,992.09,원,ECOS,JPY/KRW
2003-08-01,USD,KRW,1178.42,원,ECOS,USD/KRW
2003-09-01,EUR,KRW,1308.85,원,ECOS,EUR/KRW
2003-09-01,EUR,USD,1.1225,달러,ECOS,EUR/USD
2003-09-01,JPY,KRW,1015.26,원,ECOS,JPY/KRW
2003-09-01,USD,KRW,1166.17,원,ECOS,USD/KRW
2003-10-01,EUR,KRW,1365.5,원,ECOS,EUR/KRW
2003-10-01,EUR,USD,1.1708,달러,ECOS,EUR/USD
2003-10-01,JPY,KRW,1065.53,원,ECOS,JPY/KRW
2003-10-01,USD,KRW,1166.27,원,ECOS,USD/KRW
2003-11-01,EUR,KRW,1385.52,원,ECOS,EUR/KRW
2003-11-01,EUR,USD,1.1693,달러,ECOS,EUR/USD
2003-11-01,JPY,KRW,1085.17,원,ECOS,JPY/KRW
2003-11-01,USD,KRW,1184.87,원,ECOS,USD/KRW
2003-12-01,EUR,KRW,1464.02,원,ECOS,EUR/KRW
2003-12-01,EUR,USD,1.2272,달러,ECOS,EUR/USD
2003-12-01,JPY,KRW,1106.05,원,ECOS,JPY/KRW
2003-12-01,USD,KRW,1192.95,원,ECOS,USD/KRW
2004-01-01,EUR,KRW,1492.92,원,ECOS,EUR/KRW
2004-01-01,EUR,USD,1.2606,달러,ECOS,EUR/USD
2004-01-01,JPY,KRW,1112.68,원,ECOS,JPY/KRW
2004-01-01,USD,KRW,1184.32,원,ECOS,USD/KRW
2004-02-01,EUR,KRW,1473.87,원,ECOS,EUR/KRW
2004-02-01,EUR,USD,1.2634,달러,ECOS,EUR/USD
2004-02-01,JPY,KRW,1095.65,원,ECOS,JPY/KRW
2004-02-01,USD,KRW,1166.69,원,ECOS,USD/KRW
2004-03-01,EUR,KRW,1430.01,원,ECOS,EUR/KRW
2004-03-01,EUR,USD,1.2264,달러,ECOS,EUR/USD
2004-03-01,JPY,KRW,1073.06,원,ECOS,JPY/KRW
2004-03-01,USD,KRW,1166.34,원,ECOS,USD/KRW
2004-04-01,EUR,KRW,1381.28,원,ECOS,EUR/KRW
2004-04-01,EUR,USD,1.2003,달러,ECOS,EUR/USD
2004-04-01,JPY,KRW,1071.23,원,ECOS,JPY/KRW
2004-04-01,USD,KRW,1150.85,원,ECOS,USD/KRW
2004-05-01,EUR,KRW,1412.17,원,ECOS,EUR/KRW
2004-05-01,EUR,USD,1.1995,달러,ECOS,EUR/USD
2004-05-01,JPY,KRW,1048.86,원,ECOS,JPY/KRW
2004-05-01,USD,KRW,1177.37,원,ECOS,USD/KRW
2004-06-01,EUR,KRW,1407.31,원,ECOS,EUR/KRW
2004-06-01,EUR,USD,1.2146,달러,ECOS,EUR/USD
2004-06-01,JPY,KRW,1059.02,원,ECOS,JPY/KRW
2004-06-01,USD,KRW,1158.65,원,ECOS,USD/KRW
2004-07-01,EUR,KRW,1420.75,원,ECOS,EUR/KRW
2004-07-01,EUR,USD,1.2273,달러,ECOS,EUR/USD
2004-07-01,JPY,KRW,1059.14,원,ECOS,JPY/KRW
2004-07-01,USD,KRW,1157.66,원,ECOS,USD/KRW
2004-08-01,EUR,KRW,1412.07,원,ECOS,EUR/KRW
2004-08-01,EUR,USD,1.2184,달러,ECOS,EUR/USD
2004-08-01,JPY,KRW,1050.33,원,ECOS,JPY/KRW
2004-08-01,USD,KRW,1159.0,원,ECOS,USD/KRW
2004-09-01,EUR,KRW,1400.99,원,ECOS,EUR/KRW
2004-09-01,EUR,USD,1.2204,달러,ECOS,EUR/USD
2004-09-01,JPY,KRW,1044.92,원,ECOS,JPY/KRW
2004-09-01,USD,KRW,1147.97,원,ECOS,USD/KRW
2004-10-01,EUR,KRW,1428.65,원,ECOS,EUR/KRW
2004-10-01,EUR,USD,1.2489,달러,ECOS,EUR/USD
2004-10-01,JPY,KRW,1049.51,원,ECOS,JPY/KRW
2004-10-01,USD,KRW,1144.04,원,ECOS,USD/KRW
2004-11-01,EUR,KRW,1416.28,원,ECOS,EUR/KRW
2004-11-01,EUR,USD,1.2982,달러,ECOS,EUR/USD
2004-11-01,JPY,KRW,1040.99,원,ECOS,JPY/KRW
2004-11-01,USD,KRW,1091.19,원,ECOS,USD/KRW
2004-12-01,EUR,KRW,1408.59,원,ECOS,EUR/KRW
2004-12-01,EUR,USD,1.3404,달러,ECOS,EUR/USD
2004-12-01,JPY,KRW,1012.47,원,ECOS,JPY/KRW
2004-12-01,USD,KRW,1050.91,원,ECOS,USD/KRW
2005-01-01,EUR,KRW,1363.74,원,ECOS,EUR/KRW
2005-01-01,EUR,USD,1.3135,달러,ECOS,EUR/USD
2005-01-01,JPY,KRW,1005.69,원,ECOS,JPY/KRW
2005-01-01,USD,KRW,1038.23,원,ECOS,USD/KRW
2005-02-01,EUR,KRW,1333.91,원,ECOS,EUR/KRW
2005-02-01,EUR,USD,1.3047,달러,ECOS,EUR/USD
2005-02-01,JPY,KRW,974.84,원,ECOS,JPY/KRW
2005-02-01,USD,KRW,1022.43,원,ECOS,USD/KRW
2005-03-01,EUR,KRW,1328.62,원,ECOS,EUR/KRW
2005-03-01,EUR,USD,1.3188,달러,ECOS,EUR/USD
2005-03-01,JPY,KRW,957.14,원,ECOS,JPY/KRW
2005-03-01,USD,KRW,1007.49,원,ECOS,USD/KRW
2005-04-01,EUR,KRW,1308.75,원,ECOS,EUR/KRW
2005-04-01,EUR,USD,1.2946,달러,ECOS,EUR/USD
2005-04-01,JPY,KRW,942.59,원,ECOS,JPY/KRW
2005-04-01,USD,KRW,1010.94,원,ECOS,USD/KRW
2005-05-01,EUR,KRW,1271.83,원,ECOS,EUR/KRW
2005-05-01,EUR,USD,1.269,달러,ECOS,EUR/USD
2005-05-01,JPY,KRW,939.38,원,ECOS,JPY/KRW
2005-05-01,USD,KRW,1002.21,원,ECOS,USD/KRW
2005-06-01,EUR,KRW,1229.06,원,ECOS,EUR/KRW
2005-06-01,EUR,USD,1.2158,달러,ECOS,EUR/USD
2005-06-01,JPY,KRW,930.05,원,ECOS,JPY/KRW
2005-06-01,USD,KRW,1010.87,원,ECOS,USD/KRW
2005-07-01,EUR,KRW,1249.5,원,ECOS,EUR/KRW
2005-07-01,EUR,USD,1.2044,달러,ECOS,EUR/USD
2005-07-01,JPY,KRW,927.21,원,ECOS,JPY/KRW
2005-07-01,USD,KRW,1037.44,원,ECOS,USD/KRW
2005-08-01,EUR,KRW,1254.49,원,ECOS,EUR/KRW
2005-08-01,EUR,USD,1.2285,달러,ECOS,EUR/USD
2005-08-01,JPY,KRW,921.82,원,ECOS,JPY/KRW
2005-08-01,USD,KRW,1021.17,원,ECOS,USD/KRW
2005-09-01,EUR,KRW,1262.1,원,ECOS,EUR/KRW
2005-09-01,EUR,USD,1.2261,달러,ECOS,EUR/USD
2005-09-01,JPY,KRW,927.11,원,ECOS,JPY/KRW
2005-09-01,USD,KRW,1029.33,원,ECOS,USD/KRW
2005-10-01,EUR,KRW,1257.99,원,ECOS,EUR/KRW
2005-10-01,EUR,USD,1.2024,달러,ECOS,EUR/USD
2005-10-01,JPY,KRW,910.85,원,ECOS,JPY/KRW
2005-10-01,USD,KRW,1046.25,원,ECOS,USD/KRW
2005-11-01,EUR,KRW,1229.01,원,ECOS,EUR/KRW
2005-11-01,EUR,USD,1.1801,달러,ECOS,EUR/USD
2005-11-01,JPY,KRW,880.09,원,ECOS,JPY/KRW
2005-11-01,USD,KRW,1041.43,원,ECOS,USD/KRW
2005-12-01,EUR,KRW,1214.04,원,ECOS,EUR/KRW
2005-12-01,EUR,USD,1.1854,달러,ECOS,EUR/USD
2005-12-01,JPY,KRW,863.89,원,ECOS,JPY/KRW
2005-12-01,USD,KRW,1024.15,원,ECOS,USD/KRW
2006-01-01,EUR,KRW,1194.81,원,ECOS,EUR/KRW
2006-01-01,EUR,USD,1.2106,달러,ECOS,EUR/USD
2006-01-01,JPY,KRW,854.32,원,ECOS,JPY/KRW
2006-01-01,USD,KRW,987.03,원,ECOS,USD/KRW
2006-02-01,EUR,KRW,1159.69,원,ECOS,EUR/KRW
2006-02-01,EUR,USD,1.1953,달러,ECOS,EUR/USD
2006-02-01,JPY,KRW,822.41,원,ECOS,JPY/KRW
2006-02-01,USD,KRW,970.22,원,ECOS,USD/KRW
2006-03-01,EUR,KRW,1172.83,원,ECOS,EUR/KRW
2006-03-01,EUR,USD,1.2028,달러,ECOS,EUR/USD
2006-03-01,JPY,KRW,831.26,원,ECOS,JPY/KRW
2006-03-01,USD,KRW,975.09,원,ECOS,USD/KRW
2006-04-01,EUR,KRW,1169.88,원,ECOS,EUR/KRW
2006-04-01,EUR,USD,1.2258,달러,ECOS,EUR/USD
2006-04-01,JPY,KRW,814.84,원,ECOS,JPY/KRW
2006-04-01,USD,KRW,954.44,원,ECOS,USD/KRW
2006-05-01,EUR,KRW,1201.65,원,ECOS,EUR/KRW
2006-05-01,EUR,USD,1.2764,달러,ECOS,EUR/USD
2006-05-01,JPY,KRW,843.01,원,ECOS,JPY/KRW
2006-05-01,USD,KRW,941.4,원,ECOS,USD/KRW
2006-06-01,EUR,KRW,1208.68,원,ECOS,EUR/KRW
2006-06-01,EUR,USD,1.2655,달러,ECOS,EUR/USD
2006-06-01,JPY,KRW,833.02,원,ECOS,JPY/KRW
2006-06-01,USD,KRW,955.16,원,ECOS,USD/KRW
2006-07-01,EUR,KRW,1206.22,원,ECOS,EUR/KRW
2006-07-01,EUR,USD,1.2695,달러,ECOS,EUR/USD
2006-07-01,JPY,KRW,821.39,원,ECOS,JPY/KRW
2006-07-01,USD,KRW,950.15,원,ECOS,USD/KRW
2006-08-01,EUR,KRW,1230.6,원,ECOS,EUR/KRW
2006-08-01,EUR,USD,1.2809,달러,ECOS,EUR/USD
2006-08-01,JPY,KRW,829.71,원,ECOS,JPY/KRW
2006-08-01,USD,KRW,960.72,원,ECOS,USD/KRW
2006-09-01,EUR,KRW,1214.86,원,ECOS,EUR/KRW
2006-09-01,EUR,USD,1.2738,달러,ECOS,EUR/USD
2006-09-01,JPY,KRW,814.28,원,ECOS,JPY/KRW
2006-09-01,USD,KRW,953.68,원,ECOS,USD/KRW
2006-10-01,EUR,KRW,1202.44,원,ECOS,EUR/KRW
2006-10-01,EUR,USD,1.2601,달러,ECOS,EUR/USD
2006-10-01,JPY,KRW,803.15,원,ECOS,JPY/KRW
2006-10-01,USD,KRW,954.23,원,ECOS,USD/KRW
2006-11-01,EUR,KRW,1205.32,원,ECOS,EUR/KRW
2006-11-01,EUR,USD,1.2874,달러,ECOS,EUR/USD
2006-11-01,JPY,KRW,798.03,원,ECOS,JPY/KRW
2006-11-01,USD,KRW,936.22,원,ECOS,USD/KRW
2006-12-01,EUR,KRW,1222.79,원,ECOS,EUR/KRW
2006-12-01,EUR,USD,1.3208,달러,ECOS,EUR/USD
2006-12-01,JPY,KRW,790.23,원,ECOS,JPY/KRW
2006-12-01,USD,KRW,925.75,원,ECOS,USD/KRW
2007-01-01,EUR,KRW,1216.97,원,ECOS,EUR/KRW
2007-01-01,EUR,USD,1.2997,달러,ECOS,EUR/USD
2007-01-01,JPY,KRW,777.94,원,ECOS,JPY/KRW
2007-01-01,USD,KRW,936.36,원,ECOS,USD/KRW
2007-02-01,EUR,KRW,1225.14,원,ECOS,EUR/KRW
2007-02-01,EUR,USD,1.3074,달러,ECOS,EUR/USD
2007-02-01,JPY,KRW,776.82,원,ECOS,JPY/KRW
2007-02-01,USD,KRW,937.02,원,ECOS,USD/KRW
2007-03-01,EUR,KRW,1249.37,원,ECOS,EUR/KRW
2007-03-01,EUR,USD,1.3245,달러,ECOS,EUR/USD
2007-03-01,JPY,KRW,804.82,원,ECOS,JPY/KRW
2007-03-01,USD,KRW,943.26,원,ECOS,USD/KRW
2007-04-01,EUR,KRW,1257.65,원,ECOS,EUR/KRW
2007-04-01,EUR,USD,1.3502,달러,ECOS,EUR/USD
2007-04-01,JPY,KRW,783.65,원,ECOS,JPY/KRW
2007-04-01,USD,KRW,931.5,원,ECOS,USD/KRW
2007-05-01,EUR,KRW,1254.11,원,ECOS,EUR/KRW
2007-05-01,EUR,USD,1.3515,달러,ECOS,EUR/USD
2007-05-01,JPY,KRW,768.53,원,ECOS,JPY/KRW
2007-05-01,USD,KRW,927.91,원,ECOS,USD/KRW
2007-06-01,EUR,KRW,1244.93,원,ECOS,EUR/KRW
2007-06-01,EUR,USD,1.341,달러,ECOS,EUR/USD
2007-06-01,JPY,KRW,757.05,원,ECOS,JPY/KRW
2007-06-01,USD,KRW,928.32,원,ECOS,USD/KRW
2007-07-01,EUR,KRW,1260.03,원,ECOS,EUR/KRW
2007-07-01,EUR,USD,1.3713,달러,ECOS,EUR/USD
2007-07-01,JPY,KRW,755.57,원,ECOS,JPY/KRW
2007-07-01,USD,KRW,918.85,원,ECOS,USD/KRW
2007-08-01,EUR,KRW,1272.4,원,ECOS,EUR/KRW
2007-08-01,EUR,USD,1.3627,달러,ECOS,EUR/USD
2007-08-01,JPY,KRW,799.84,원,ECOS,JPY/KRW
2007-08-01,USD,KRW,933.8,원,ECOS,USD/KRW
2007-09-01,EUR,KRW,1291.19,원,ECOS,EUR/KRW
2007-09-01,EUR,USD,1.3849,달러,ECOS,EUR/USD
2007-09-01,JPY,KRW,810.55,원,ECOS,JPY/KRW
2007-09-01,USD,KRW,932.41,원,ECOS,USD/KRW
2007-10-01,EUR,KRW,1303.27,원,ECOS,EUR/KRW
2007-10-01,EUR,USD,1.423,달러,ECOS,EUR/USD
2007-10-01,JPY,KRW,790.74,원,ECOS,JPY/KRW
2007-10-01,USD,KRW,915.86,원,ECOS,USD/KRW
2007-11-01,EUR,KRW,1345.6,원,ECOS,EUR/KRW
2007-11-01,EUR,USD,1.4673,달러,ECOS,EUR/USD
2007-11-01,JPY,KRW,826.2,원,ECOS,JPY/KRW
2007-11-01,USD,KRW,916.98,원,ECOS,USD/KRW
2007-12-01,EUR,KRW,1355.24,원,ECOS,EUR/KRW
2007-12-01,EUR,USD,1.4569,달러,ECOS,EUR/USD
2007-12-01,JPY,KRW,828.42,원,ECOS,JPY/KRW
2007-12-01,USD,KRW,930.24,원,ECOS,USD/KRW
2008-01-01,EUR,KRW,1386.21,원,ECOS,EUR/KRW
2008-01-01,EUR,USD,1.4709,달러,ECOS,EUR/USD
2008-01-01,JPY,KRW,872.92,원,ECOS,JPY/KRW
2008-01-01,USD,KRW,942.39,원,ECOS,USD/KRW
2008-02-01,EUR,KRW,1395.43,원,ECOS,EUR/KRW
2008-02-01,EUR,USD,1.4771,달러,ECOS,EUR/USD
2008-02-01,JPY,KRW,880.57,원,ECOS,JPY/KRW
2008-02-01,USD,KRW,944.69,원,ECOS,USD/KRW
2008-03-01,EUR,KRW,1519.51,원,ECOS,EUR/KRW
2008-03-01,EUR,USD,1.5504,달러,ECOS,EUR/USD
2008-03-01,JPY,KRW,972.3,원,ECOS,JPY/KRW
2008-03-01,USD,KRW,979.86,원,ECOS,USD/KRW
2008-04-01,EUR,KRW,1555.05,원,ECOS,EUR/KRW
2008-04-01,EUR,USD,1.576,달러,ECOS,EUR/USD
2008-04-01,JPY,KRW,962.35,원,ECOS,JPY/KRW
2008-04-01,USD,KRW,986.66,원,ECOS,USD/KRW
2008-05-01,EUR,KRW,1614.55,원,ECOS,EUR/KRW
2008-05-01,EUR,USD,1.5572,달러,ECOS,EUR/USD
2008-05-01,JPY,KRW,994.18,원,ECOS,JPY/KRW
2008-05-01,USD,KRW,1036.73,원,ECOS,USD/KRW
2008-06-01,EUR,KRW,1601.73,원,ECOS,EUR/KRW
2008-06-01,EUR,USD,1.5562,달러,ECOS,EUR/USD
2008-06-01,JPY,KRW,963.02,원,ECOS,JPY/KRW
2008-06-01,USD,KRW,1029.27,원,ECOS,USD/KRW
2008-07-01,EUR,KRW,1606.74,원,ECOS,EUR/KRW
2008-07-01,EUR,USD,1.5766,달러,ECOS,EUR/USD
2008-07-01,JPY,KRW,954.22,원,ECOS,JPY/KRW
2008-07-01,USD,KRW,1019.12,원,ECOS,USD/KRW
2008-08-01,EUR,KRW,1561.56,원,ECOS,EUR/KRW
2008-08-01,EUR,USD,1.4999,달러,ECOS,EUR/USD
2008-08-01,JPY,KRW,953.03,원,ECOS,JPY/KRW
2008-08-01,USD,KRW,1041.54,원,ECOS,USD/KRW
2008-09-01,EUR,KRW,1627.55,원,ECOS,EUR/KRW
2008-09-01,EUR,USD,1.4396,달러,ECOS,EUR/USD
2008-09-01,JPY,KRW,1060.6,원,ECOS,JPY/KRW
2008-09-01,USD,KRW,1130.4,원,ECOS,USD/KRW
2008-10-01,EUR,KRW,1765.31,원,ECOS,EUR/KRW
2008-10-01,EUR,USD,1.3323,달러,ECOS,EUR/USD
2008-10-01,JPY,KRW,1327.1,원,ECOS,JPY/KRW
2008-10-01,USD,KRW,1326.92,원,ECOS,USD/KRW
2008-11-01,EUR,KRW,1768.9,원,ECOS,EUR/KRW
2008-11-01,EUR,USD,1.2725,달러,ECOS,EUR/USD
2008-11-01,JPY,KRW,1435.06,원,ECOS,JPY/KRW
2008-11-01,USD,KRW,1390.09,원,ECOS,USD/KRW
2008-12-01,EUR,KRW,1846.09,원,ECOS,EUR/KRW
2008-12-01,EUR,USD,1.3469,달러,ECOS,EUR/USD
2008-12-01,JPY,KRW,1503.28,원,ECOS,JPY/KRW
2008-12-01,USD,KRW,1373.84,원,ECOS,USD/KRW
2009-01-01,EUR,KRW,1793.82,원,ECOS,EUR/KRW
2009-01-01,EUR,USD,1.3333,달러,ECOS,EUR/USD
2009-01-01,JPY,KRW,1487.18,원,ECOS,JPY/KRW
2009-01-01,USD,KRW,1346.1,원,ECOS,USD/KRW
2009-02-01,EUR,KRW,1829.88,원,ECOS,EUR/KRW
2009-02-01,EUR,USD,1.2803,달러,ECOS,EUR/USD
2009-02-01,JPY,KRW,1546.11,원,ECOS,JPY/KRW
2009-02-01,USD,KRW,1429.46,원,ECOS,USD/KRW
2009-03-01,EUR,KRW,1904.04,원,ECOS,EUR/KRW
2009-03-01,EUR,USD,1.3044,달러,ECOS,EUR/USD
2009-03-01,JPY,KRW,1495.71,원,ECOS,JPY/KRW
2009-03-01,USD,KRW,1461.98,원,ECOS,USD/KRW
2009-04-01,EUR,KRW,1771.59,원,ECOS,EUR/KRW
2009-04-01,EUR,USD,1.3202,달러,ECOS,EUR/USD
2009-04-01,JPY,KRW,1356.24,원,ECOS,JPY/KRW
2009-04-01,USD,KRW,1341.9,원,ECOS,USD/KRW
2009-05-01,EUR,KRW,1719.12,원,ECOS,EUR/KRW
2009-05-01,EUR,USD,1.3659,달러,ECOS,EUR/USD
2009-05-01,JPY,KRW,1304.52,원,ECOS,JPY/KRW
2009-05-01,USD,KRW,1258.71,원,ECOS,USD/KRW
2009-06-01,EUR,KRW,1767.77,원,ECOS,EUR/KRW
2009-06-01,EUR,USD,1.4015,달러,ECOS,EUR/USD
2009-06-01,JPY,KRW,1305.52,원,ECOS,JPY/KRW
2009-06-01,USD,KRW,1261.35,원,ECOS,USD/KRW
2009-07-01,EUR,KRW,1778.8,원,ECOS,EUR/KRW
2009-07-01,EUR,USD,1.4074,달러,ECOS,EUR/USD
2009-07-01,JPY,KRW,1338.06,원,ECOS,JPY/KRW
2009-07-01,USD,KRW,1263.97,원,ECOS,USD/KRW
2009-08-01,EUR,KRW,1766.26,원,ECOS,EUR/KRW
2009-08-01,EUR,USD,1.4263,달러,ECOS,EUR/USD
2009-08-01,JPY,KRW,1304.31,원,ECOS,JPY/KRW
2009-08-01,USD,KRW,1238.4,원,ECOS,USD/KRW
2009-09-01,EUR,KRW,1774.17,원,ECOS,EUR/KRW
2009-09-01,EUR,USD,1.4555,달러,ECOS,EUR/USD
2009-09-01,JPY,KRW,1332.42,원,ECOS,JPY/KRW
2009-09-01,USD,KRW,1219.15,원,ECOS,USD/KRW
2009-10-01,EUR,KRW,1742.87,원,ECOS,EUR/KRW
2009-10-01,EUR,USD,1.483,달러,ECOS,EUR/USD
2009-10-01,JPY,KRW,1300.78,원,ECOS,JPY/KRW
2009-10-01,USD,KRW,1175.25,원,ECOS,USD/KRW
2009-11-01,EUR,KRW,1736.61,원,ECOS,EUR/KRW
2009-11-01,EUR,USD,1.4917,달러,ECOS,EUR/USD
2009-11-01,JPY,KRW,1304.43,원,ECOS,JPY/KRW
2009-11-01,USD,KRW,1164.23,원,ECOS,USD/KRW
2009-12-01,EUR,KRW,1703.73,원,ECOS,EUR/KRW
2009-12-01,EUR,USD,1.4608,달러,ECOS,EUR/USD
2009-12-01,JPY,KRW,1300.81,원,ECOS,JPY/KRW
2009-12-01,USD,KRW,1166.45,원,ECOS,USD/KRW
2010-01-01,EUR,KRW,1627.52,원,ECOS,EUR/KRW
2010-01-01,EUR,USD,1.4292,달러,ECOS,EUR/USD
2010-01-01,JPY,KRW,1248.26,원,ECOS,JPY/KRW
2010-01-01,USD,KRW,1138.82,원,ECOS,USD/KRW
2010-02-01,EUR,KRW,1584.53,원,ECOS,EUR/KRW
2010-02-01,EUR,USD,1.3694,달러,ECOS,EUR/USD
2010-02-01,JPY,KRW,1281.72,원,ECOS,JPY/KRW
2010-02-01,USD,KRW,1157.08,원,ECOS,USD/KRW
2010-03-01,EUR,KRW,1544.89,원,ECOS,EUR/KRW
2010-03-01,EUR,USD,1.358,달러,ECOS,EUR/USD
2010-03-01,JPY,KRW,1255.84,원,ECOS,JPY/KRW
2010-03-01,USD,KRW,1137.64,원,ECOS,USD/KRW
2010-04-01,EUR,KRW,1501.68,원,ECOS,EUR/KRW
2010-04-01,EUR,USD,1.3442,달러,ECOS,EUR/USD
2010-04-01,JPY,KRW,1195.31,원,ECOS,JPY/KRW
2010-04-01,USD,KRW,1117.11,원,ECOS,USD/KRW
2010-05-01,EUR,KRW,1460.68,원,ECOS,EUR/KRW
2010-05-01,EUR,USD,1.2566,달러,ECOS,EUR/USD
2010-05-01,JPY,KRW,1265.23,원,ECOS,JPY/KRW
2010-05-01,USD,KRW,1163.11,원,ECOS,USD/KRW
2010-06-01,EUR,KRW,1480.85,원,ECOS,EUR/KRW
2010-06-01,EUR,USD,1.2216,달러,ECOS,EUR/USD
2010-06-01,JPY,KRW,1333.59,원,ECOS,JPY/KRW
2010-06-01,USD,KRW,1212.33,원,ECOS,USD/KRW
2010-07-01,EUR,KRW,1540.31,원,ECOS,EUR/KRW
2010-07-01,EUR,USD,1.276,달러,ECOS,EUR/USD
2010-07-01,JPY,KRW,1377.67,원,ECOS,JPY/KRW
2010-07-01,USD,KRW,1207.3,원,ECOS,USD/KRW
2010-08-01,EUR,KRW,1523.33,원,ECOS,EUR/KRW
2010-08-01,EUR,USD,1.2912,달러,ECOS,EUR/USD
2010-08-01,JPY,KRW,1380.19,원,ECOS,JPY/KRW
2010-08-01,USD,KRW,1179.92,원,ECOS,USD/KRW
2010-09-01,EUR,KRW,1518.69,원,ECOS,EUR/KRW
2010-09-01,EUR,USD,1.3016,달러,ECOS,EUR/USD
2010-09-01,JPY,KRW,1384.17,원,ECOS,JPY/KRW
2010-09-01,USD,KRW,1167.01,원,ECOS,USD/KRW
2010-10-01,EUR,KRW,1559.56,원,ECOS,EUR/KRW
2010-10-01,EUR,USD,1.3882,달러,ECOS,EUR/USD
2010-10-01,JPY,KRW,1371.09,원,ECOS,JPY/KRW
2010-10-01,USD,KRW,1123.45,원,ECOS,USD/KRW
2010-11-01,EUR,KRW,1541.34,원,ECOS,EUR/KRW
2010-11-01,EUR,USD,1.3689,달러,ECOS,EUR/USD
2010-11-01,JPY,KRW,1366.58,원,ECOS,JPY/KRW
2010-11-01,USD,KRW,1126.2,원,ECOS,USD/KRW
2010-12-01,EUR,KRW,1515.36,원,ECOS,EUR/KRW
2010-12-01,EUR,USD,1.3205,달러,ECOS,EUR/USD
2010-12-01,JPY,KRW,1376.72,원,ECOS,JPY/KRW
2010-12-01,USD,KRW,1147.55,원,ECOS,USD/KRW
2011-01-01,EUR,KRW,1495.37,원,ECOS,EUR/KRW
2011-01-01,EUR,USD,1.3351,달러,ECOS,EUR/USD
2011-01-01,JPY,KRW,1356.27,원,ECOS,JPY/KRW
2011-01-01,USD,KRW,1120.07,원,ECOS,USD/KRW
2011-02-01,EUR,KRW,1524.62,원,ECOS,EUR/KRW
2011-02-01,EUR,USD,1.3635,달러,ECOS,EUR/USD
2011-02-01,JPY,KRW,1350.97,원,ECOS,JPY/KRW
2011-02-01,USD,KRW,1118.14,원,ECOS,USD/KRW
2011-03-01,EUR,KRW,1572.59,원,ECOS,EUR/KRW
2011-03-01,EUR,USD,1.401,달러,ECOS,EUR/USD
2011-03-01,JPY,KRW,1376.2,원,ECOS,JPY/KRW
2011-03-01,USD,KRW,1122.45,원,ECOS,USD/KRW
2011-04-01,EUR,KRW,1569.39,원,ECOS,EUR/KRW
2011-04-01,EUR,USD,1.444,달러,ECOS,EUR/USD
2011-04-01,JPY,KRW,1304.81,원,ECOS,JPY/KRW
2011-04-01,USD,KRW,1086.84,원,ECOS,USD/KRW
2011-05-01,EUR,KRW,1551.34,원,ECOS,EUR/KRW
2011-05-01,EUR,USD,1.4319,달러,ECOS,EUR/USD
2011-05-01,JPY,KRW,1333.6,원,ECOS,JPY/KRW
2011-05-01,USD,KRW,1083.54,원,ECOS,USD/KRW
2011-06-01,EUR,KRW,1555.38,원,ECOS,EUR/KRW
2011-06-01,EUR,USD,1.4385,달러,ECOS,EUR/USD
2011-06-01,JPY,KRW,1342.81,원,ECOS,JPY/KRW
2011-06-01,USD,KRW,1081.27,원,ECOS,USD/KRW
2011-07-01,EUR,KRW,1515.37,원,ECOS,EUR/KRW
2011-07-01,EUR,USD,1.4302,달러,ECOS,EUR/USD
2011-07-01,JPY,KRW,1333.36,원,ECOS,JPY/KRW
2011-07-01,USD,KRW,1059.5,원,ECOS,USD/KRW
2011-08-01,EUR,KRW,1538.73,원,ECOS,EUR/KRW
2011-08-01,EUR,USD,1.4338,달러,ECOS,EUR/USD
2011-08-01,JPY,KRW,1391.35,원,ECOS,JPY/KRW
2011-08-01,USD,KRW,1073.17,원,ECOS,USD/KRW
2011-09-01,EUR,KRW,1542.38,원,ECOS,EUR/KRW
2011-09-01,EUR,USD,1.3798,달러,ECOS,EUR/USD
2011-09-01,JPY,KRW,1456.48,원,ECOS,JPY/KRW
2011-09-01,USD,KRW,1118.61,원,ECOS,USD/KRW
2011-10-01,EUR,KRW,1583.95,원,ECOS,EUR/KRW
2011-10-01,EUR,USD,1.3713,달러,ECOS,EUR/USD
2011-10-01,JPY,KRW,1508.22,원,ECOS,JPY/KRW
2011-10-01,USD,KRW,1155.45,원,ECOS,USD/KRW
2011-11-01,EUR,KRW,1536.59,원,ECOS,EUR/KRW
2011-11-01,EUR,USD,1.3572,달러,ECOS,EUR/USD
2011-11-01,JPY,KRW,1459.96,원,ECOS,JPY/KRW
2011-11-01,USD,KRW,1132.31,원,ECOS,USD/KRW
2011-12-01,EUR,KRW,1511.0,원,ECOS,EUR/KRW
2011-12-01,EUR,USD,1.317,달러,ECOS,EUR/USD
2011-12-01,JPY,KRW,1473.43,원,ECOS,JPY/KRW
2011-12-01,USD,KRW,1147.45,원,ECOS,USD/KRW
2012-01-01,EUR,KRW,1477.23,원,ECOS,EUR/KRW
2012-01-01,EUR,USD,1.2893,달러,ECOS,EUR/USD
2012-01-01,JPY,KRW,1488.74,원,ECOS,JPY/KRW
2012-01-01,USD,KRW,1145.85,원,ECOS,USD/KRW
2012-02-01,EUR,KRW,1485.99,원,ECOS,EUR/KRW
2012-02-01,EUR,USD,1.3228,달러,ECOS,EUR/USD
2012-02-01,JPY,KRW,1433.65,원,ECOS,JPY/KRW
2012-02-01,USD,KRW,1123.35,원,ECOS,USD/KRW
2012-03-01,EUR,KRW,1487.13,원,ECOS,EUR/KRW
2012-03-01,EUR,USD,1.3208,달러,ECOS,EUR/USD
2012-03-01,JPY,KRW,1364.08,원,ECOS,JPY/KRW
2012-03-01,USD,KRW,1125.9,원,ECOS,USD/KRW
2012-04-01,EUR,KRW,1495.55,원,ECOS,EUR/KRW
2012-04-01,EUR,USD,1.317,달러,ECOS,EUR/USD
2012-04-01,JPY,KRW,1393.87,원,ECOS,JPY/KRW
2012-04-01,USD,KRW,1135.55,원,ECOS,USD/KRW
2012-05-01,EUR,KRW,1478.58,원,ECOS,EUR/KRW
2012-05-01,EUR,USD,1.2813,달러,ECOS,EUR/USD
2012-05-01,JPY,KRW,1447.08,원,ECOS,JPY/KRW
2012-05-01,USD,KRW,1154.27,원,ECOS,USD/KRW
2012-06-01,EUR,KRW,1462.27,원,ECOS,EUR/KRW
2012-06-01,EUR,USD,1.2546,달러,ECOS,EUR/USD
2012-06-01,JPY,KRW,1469.08,원,ECOS,JPY/KRW
2012-06-01,USD,KRW,1165.51,원,ECOS,USD/KRW
2012-07-01,EUR,KRW,1406.96,원,ECOS,EUR/KRW
2012-07-01,EUR,USD,1.2305,달러,ECOS,EUR/USD
2012-07-01,JPY,KRW,1446.38,원,ECOS,JPY/KRW
2012-07-01,USD,KRW,1143.36,원,ECOS,USD/KRW
2012-08-01,EUR,KRW,1402.81,원,ECOS,EUR/KRW
2012-08-01,EUR,USD,1.2395,달러,ECOS,EUR/USD
2012-08-01,JPY,KRW,1438.35,원,ECOS,JPY/KRW
2012-08-01,USD,KRW,1131.69,원,ECOS,USD/KRW
2012-09-01,EUR,KRW,1445.97,원,ECOS,EUR/KRW
2012-09-01,EUR,USD,1.2856,달러,ECOS,EUR/USD
2012-09-01,JPY,KRW,1438.63,원,ECOS,JPY/KRW
2012-09-01,USD,KRW,1124.78,원,ECOS,USD/KRW
2012-10-01,EUR,KRW,1435.95,원,ECOS,EUR/KRW
2012-10-01,EUR,USD,1.2972,달러,ECOS,EUR/USD
2012-10-01,JPY,KRW,1400.86,원,ECOS,JPY/KRW
2012-10-01,USD,KRW,1106.93,원,ECOS,USD/KRW
2012-11-01,EUR,KRW,1395.9,원,ECOS,EUR/KRW
2012-11-01,EUR,USD,1.2835,달러,ECOS,EUR/USD
2012-11-01,JPY,KRW,1344.04,원,ECOS,JPY/KRW
2012-11-01,USD,KRW,1087.52,원,ECOS,USD/KRW
2012-12-01,EUR,KRW,1411.39,원,ECOS,EUR/KRW
2012-12-01,EUR,USD,1.3105,달러,ECOS,EUR/USD
2012-12-01,JPY,KRW,1288.05,원,ECOS,JPY/KRW
2012-12-01,USD,KRW,1076.97,원,ECOS,USD/KRW
2013-01-01,EUR,KRW,1415.66,원,ECOS,EUR/KRW
2013-01-01,EUR,USD,1.3287,달러,ECOS,EUR/USD
2013-01-01,JPY,KRW,1196.82,원,ECOS,JPY/KRW
2013-01-01,USD,KRW,1065.35,원,ECOS,USD/KRW
2013-02-01,EUR,KRW,1452.33,원,ECOS,EUR/KRW
2013-02-01,EUR,USD,1.3364,달러,ECOS,EUR/USD
2013-02-01,JPY,KRW,1166.43,원,ECOS,JPY/KRW
2013-02-01,USD,KRW,1086.68,원,ECOS,USD/KRW
2013-03-01,EUR,KRW,1427.45,원,ECOS,EUR/KRW
2013-03-01,EUR,USD,1.2951,달러,ECOS,EUR/USD
2013-03-01,JPY,KRW,1161.1,원,ECOS,JPY/KRW
2013-03-01,USD,KRW,1102.2,원,ECOS,USD/KRW
2013-04-01,EUR,KRW,1459.59,원,ECOS,EUR/KRW
2013-04-01,EUR,USD,1.301,달러,ECOS,EUR/USD
2013-04-01,JPY,KRW,1148.4,원,ECOS,JPY/KRW
2013-04-01,USD,KRW,1121.83,원,ECOS,USD/KRW
2013-05-01,EUR,KRW,1441.54,원,ECOS,EUR/KRW
2013-05-01,EUR,USD,1.298,달러,ECOS,EUR/USD
2013-05-01,JPY,KRW,1100.33,원,ECOS,JPY/KRW
2013-05-01,USD,KRW,1110.67,원,ECOS,USD/KRW
2013-06-01,EUR,KRW,1498.69,원,ECOS,EUR/KRW
2013-06-01,EUR,USD,1.3202,달러,ECOS,EUR/USD
2013-06-01,JPY,KRW,1165.7,원,ECOS,JPY/KRW
2013-06-01,USD,KRW,1135.21,원,ECOS,USD/KRW
2013-07-01,EUR,KRW,1475.13,원,ECOS,EUR/KRW
2013-07-01,EUR,USD,1.3087,달러,ECOS,EUR/USD
2013-07-01,JPY,KRW,1130.68,원,ECOS,JPY/KRW
2013-07-01,USD,KRW,1127.23,원,ECOS,USD/KRW
2013-08-01,EUR,KRW,1488.42,원,ECOS,EUR/KRW
2013-08-01,EUR,USD,1.3325,달러,ECOS,EUR/USD
2013-08-01,JPY,KRW,1142.11,원,ECOS,JPY/KRW
2013-08-01,USD,KRW,1116.98,원,ECOS,USD/KRW
2013-09-01,EUR,KRW,1449.0,원,ECOS,EUR/KRW
2013-09-01,EUR,USD,1.3327,달러,ECOS,EUR/USD
2013-09-01,JPY,KRW,1095.09,원,ECOS,JPY/KRW
2013-09-01,USD,KRW,1087.35,원,ECOS,USD/KRW
2013-10-01,EUR,KRW,1455.23,원,ECOS,EUR/KRW
2013-10-01,EUR,USD,1.3641,달러,ECOS,EUR/USD
2013-10-01,JPY,KRW,1089.59,원,ECOS,JPY/KRW
2013-10-01,USD,KRW,1066.8,원,ECOS,USD/KRW
2013-11-01,EUR,KRW,1434.24,원,ECOS,EUR/KRW
2013-11-01,EUR,USD,1.3495,달러,ECOS,EUR/USD
2013-11-01,JPY,KRW,1063.67,원,ECOS,JPY/KRW
2013-11-01,USD,KRW,1062.82,원,ECOS,USD/KRW
2013-12-01,EUR,KRW,1447.17,원,ECOS,EUR/KRW
2013-12-01,EUR,USD,1.3696,달러,ECOS,EUR/USD
2013-12-01,JPY,KRW,1021.51,원,ECOS,JPY/KRW
2013-12-01,USD,KRW,1056.67,원,ECOS,USD/KRW
2014-01-01,EUR,KRW,1451.18,원,ECOS,EUR/KRW
2014-01-01,EUR,USD,1.3629,달러,ECOS,EUR/USD
2014-01-01,JPY,KRW,1022.75,원,ECOS,JPY/KRW
2014-01-01,USD,KRW,1064.75,원,ECOS,USD/KRW
2014-02-01,EUR,KRW,1462.63,원,ECOS,EUR/KRW
2014-02-01,EUR,USD,1.3653,달러,ECOS,EUR/USD
2014-02-01,JPY,KRW,1048.64,원,ECOS,JPY/KRW
2014-02-01,USD,KRW,1071.3,원,ECOS,USD/KRW
2014-03-01,EUR,KRW,1480.5,원,ECOS,EUR/KRW
2014-03-01,EUR,USD,1.3825,달러,ECOS,EUR/USD
2014-03-01,JPY,KRW,1047.1,원,ECOS,JPY/KRW
2014-03-01,USD,KRW,1070.89,원,ECOS,USD/KRW
2014-04-01,EUR,KRW,1442.03,원,ECOS,EUR/KRW
2014-04-01,EUR,USD,1.3805,달러,ECOS,EUR/USD
2014-04-01,JPY,KRW,1018.6,원,ECOS,JPY/KRW
2014-04-01,USD,KRW,1044.55,원,ECOS,USD/KRW
2014-05-01,EUR,KRW,1406.72,원,ECOS,EUR/KRW
2014-05-01,EUR,USD,1.3724,달러,ECOS,EUR/USD
2014-05-01,JPY,KRW,1006.99,원,ECOS,JPY/KRW
2014-05-01,USD,KRW,1024.99,원,ECOS,USD/KRW
2014-06-01,EUR,KRW,1385.45,원,ECOS,EUR/KRW
2014-06-01,EUR,USD,1.3591,달러,ECOS,EUR/USD
2014-06-01,JPY,KRW,998.99,원,ECOS,JPY/KRW
2014-06-01,USD,KRW,1019.36,원,ECOS,USD/KRW
2014-07-01,EUR,KRW,1381.96,원,ECOS,EUR/KRW
2014-07-01,EUR,USD,1.355,달러,ECOS,EUR/USD
2014-07-01,JPY,KRW,1003.01,원,ECOS,JPY/KRW
2014-07-01,USD,KRW,1019.93,원,ECOS,USD/KRW
2014-08-01,EUR,KRW,1365.89,원,ECOS,EUR/KRW
2014-08-01,EUR,USD,1.3321,달러,ECOS,EUR/USD
2014-08-01,JPY,KRW,996.02,원,ECOS,JPY/KRW
2014-08-01,USD,KRW,1025.36,원,ECOS,USD/KRW
2014-09-01,EUR,KRW,1334.3,원,ECOS,EUR/KRW
2014-09-01,EUR,USD,1.2915,달러,ECOS,EUR/USD
2014-09-01,JPY,KRW,962.48,원,ECOS,JPY/KRW
2014-09-01,USD,KRW,1033.24,원,ECOS,USD/KRW
2014-10-01,EUR,KRW,1344.64,원,ECOS,EUR/KRW
2014-10-01,EUR,USD,1.2682,달러,ECOS,EUR/USD
2014-10-01,JPY,KRW,982.7,원,ECOS,JPY/KRW
2014-10-01,USD,KRW,1060.28,원,ECOS,USD/KRW
2014-11-01,EUR,KRW,1366.24,원,ECOS,EUR/KRW
2014-11-01,EUR,USD,1.2476,달러,ECOS,EUR/USD
2014-11-01,JPY,KRW,942.9,원,ECOS,JPY/KRW
2014-11-01,USD,KRW,1095.1,원,ECOS,USD/KRW
2014-12-01,EUR,KRW,1361.42,원,ECOS,EUR/KRW
2014-12-01,EUR,USD,1.2328,달러,ECOS,EUR/USD
2014-12-01,JPY,KRW,925.1,원,ECOS,JPY/KRW
2014-12-01,USD,KRW,1104.33,원,ECOS,USD/KRW
2015-01-01,EUR,KRW,1267.5,원,ECOS,EUR/KRW
2015-01-01,EUR,USD,1.1639,달러,ECOS,EUR/USD
2015-01-01,JPY,KRW,919.93,원,ECOS,JPY/KRW
2015-01-01,USD,KRW,1088.86,원,ECOS,USD/KRW
2015-02-01,EUR,KRW,1246.77,원,ECOS,EUR/KRW
2015-02-01,EUR,USD,1.1351,달러,ECOS,EUR/USD
2015-02-01,JPY,KRW,926.37,원,ECOS,JPY/KRW
2015-02-01,USD,KRW,1098.4,원,ECOS,USD/KRW
2015-03-01,EUR,KRW,1206.7,원,ECOS,EUR/KRW
2015-03-01,EUR,USD,1.0848,달러,ECOS,EUR/USD
2015-03-01,JPY,KRW,924.4,원,ECOS,JPY/KRW
2015-03-01,USD,KRW,1112.57,원,ECOS,USD/KRW
2015-04-01,EUR,KRW,1175.28,원,ECOS,EUR/KRW
2015-04-01,EUR,USD,1.0796,달러,ECOS,EUR/USD
2015-04-01,JPY,KRW,910.67,원,ECOS,JPY/KRW
2015-04-01,USD,KRW,1088.66,원,ECOS,USD/KRW
2015-05-01,EUR,KRW,1219.27,원,ECOS,EUR/KRW
2015-05-01,EUR,USD,1.1173,달러,ECOS,EUR/USD
2015-05-01,JPY,KRW,904.5,원,ECOS,JPY/KRW
2015-05-01,USD,KRW,1091.27,원,ECOS,USD/KRW
2015-06-01,EUR,KRW,1247.15,원,ECOS,EUR/KRW
2015-06-01,EUR,USD,1.1213,달러,ECOS,EUR/USD
2015-06-01,JPY,KRW,898.97,원,ECOS,JPY/KRW
2015-06-01,USD,KRW,1112.2,원,ECOS,USD/KRW
2015-07-01,EUR,KRW,1257.72,원,ECOS,EUR/KRW
2015-07-01,EUR,USD,1.1002,달러,ECOS,EUR/USD
2015-07-01,JPY,KRW,927.48,원,ECOS,JPY/KRW
2015-07-01,USD,KRW,1143.22,원,ECOS,USD/KRW
2015-08-01,EUR,KRW,1312.92,원,ECOS,EUR/KRW
2015-08-01,EUR,USD,1.1133,달러,ECOS,EUR/USD
2015-08-01,JPY,KRW,958.3,원,ECOS,JPY/KRW
2015-08-01,USD,KRW,1179.1,원,ECOS,USD/KRW
2015-09-01,EUR,KRW,1331.28,원,ECOS,EUR/KRW
2015-09-01,EUR,USD,1.1237,달러,ECOS,EUR/USD
2015-09-01,JPY,KRW,985.71,원,ECOS,JPY/KRW
2015-09-01,USD,KRW,1184.76,원,ECOS,USD/KRW
2015-10-01,EUR,KRW,1288.92,원,ECOS,EUR/KRW
2015-10-01,EUR,USD,1.1225,달러,ECOS,EUR/USD
2015-10-01,JPY,KRW,955.92,원,ECOS,JPY/KRW
2015-10-01,USD,KRW,1148.18,원,ECOS,USD/KRW
2015-11-01,EUR,KRW,1238.07,원,ECOS,EUR/KRW
2015-11-01,EUR,USD,1.0748,달러,ECOS,EUR/USD
2015-11-01,JPY,KRW,940.34,원,ECOS,JPY/KRW
2015-11-01,USD,KRW,1151.97,원,ECOS,USD/KRW
2015-12-01,EUR,KRW,1275.34,원,ECOS,EUR/KRW
2015-12-01,EUR,USD,1.0879,달러,ECOS,EUR/USD
2015-12-01,JPY,KRW,962.5,원,ECOS,JPY/KRW
2015-12-01,USD,KRW,1172.24,원,ECOS,USD/KRW
2016-01-01,CNY,KRW,181.55,원,ECOS,CNY/KRW
2016-01-01,EUR,KRW,1306.27,원,ECOS,EUR/KRW
2016-01-01,EUR,USD,1.087,달러,ECOS,EUR/USD
2016-01-01,JPY,KRW,1017.44,원,ECOS,JPY/KRW
2016-01-01,USD,KRW,1201.67,원,ECOS,USD/KRW
2016-02-01,CNY,KRW,185.71,원,ECOS,CNY/KRW
2016-02-01,EUR,KRW,1348.77,원,ECOS,EUR/KRW
2016-02-01,EUR,USD,1.108,달러,ECOS,EUR/USD
2016-02-01,JPY,KRW,1060.15,원,ECOS,JPY/KRW
2016-02-01,USD,KRW,1217.35,원,ECOS,USD/KRW
2016-03-01,CNY,KRW,182.56,원,ECOS,CNY/KRW
2016-03-01,EUR,KRW,1322.22,원,ECOS,EUR/KRW
2016-03-01,EUR,USD,1.113,달러,ECOS,EUR/USD
2016-03-01,JPY,KRW,1051.68,원,ECOS,JPY/KRW
2016-03-01,USD,KRW,1188.21,원,ECOS,USD/KRW
2016-04-01,CNY,KRW,176.93,원,ECOS,CNY/KRW
2016-04-01,EUR,KRW,1300.69,원,ECOS,EUR/KRW
2016-04-01,EUR,USD,1.1335,달러,ECOS,EUR/USD
2016-04-01,JPY,KRW,1044.3,원,ECOS,JPY/KRW
2016-04-01,USD,KRW,1147.51,원,ECOS,USD/KRW
2016-05-01,CNY,KRW,179.13,원,ECOS,CNY/KRW
2016-05-01,EUR,KRW,1323.56,원,ECOS,EUR/KRW
2016-05-01,EUR,USD,1.1299,달러,ECOS,EUR/USD
2016-05-01,JPY,KRW,1074.8,원,ECOS,JPY/KRW
2016-05-01,USD,KRW,1171.51,원,ECOS,USD/KRW
2016-06-01,CNY,KRW,177.26,원,ECOS,CNY/KRW
2016-06-01,EUR,KRW,1315.43,원,ECOS,EUR/KRW
2016-06-01,EUR,USD,1.1238,달러,ECOS,EUR/USD
2016-06-01,JPY,KRW,1107.53,원,ECOS,JPY/KRW
2016-06-01,USD,KRW,1170.5,원,ECOS,USD/KRW
2016-07-01,CNY,KRW,171.09,원,ECOS,CNY/KRW
2016-07-01,EUR,KRW,1265.39,원,ECOS,EUR/KRW
2016-07-01,EUR,USD,1.106,달러,ECOS,EUR/USD
2016-07-01,JPY,KRW,1099.08,원,ECOS,JPY/KRW
2016-07-01,USD,KRW,1144.09,원,ECOS,USD/KRW
2016-08-01,CNY,KRW,167.04,원,ECOS,CNY/KRW
2016-08-01,EUR,KRW,1245.95,원,ECOS,EUR/KRW
2016-08-01,EUR,USD,1.1208,달러,ECOS,EUR/USD
2016-08-01,JPY,KRW,1097.61,원,ECOS,JPY/KRW
2016-08-01,USD,KRW,1111.68,원,ECOS,USD/KRW
2016-09-01,CNY,KRW,165.72,원,ECOS,CNY/KRW
2016-09-01,EUR,KRW,1241.09,원,ECOS,EUR/KRW
2016-09-01,EUR,USD,1.1207,달러,ECOS,EUR/USD
2016-09-01,JPY,KRW,1087.49,원,ECOS,JPY/KRW
2016-09-01,USD,KRW,1107.49,원,ECOS,USD/KRW
2016-10-01,CNY,KRW,167.04,원,ECOS,CNY/KRW
2016-10-01,EUR,KRW,1240.57,원,ECOS,EUR/KRW
2016-10-01,EUR,USD,1.1026,달러,ECOS,EUR/USD
2016-10-01,JPY,KRW,1084.08,원,ECOS,JPY/KRW
2016-10-01,USD,KRW,1125.28,원,ECOS,USD/KRW
2016-11-01,CNY,KRW,169.49,원,ECOS,CNY/KRW
2016-11-01,EUR,KRW,1254.4,원,ECOS,EUR/KRW
2016-11-01,EUR,USD,1.0801,달러,ECOS,EUR/USD
2016-11-01,JPY,KRW,1074.17,원,ECOS,JPY/KRW
2016-11-01,USD,KRW,1161.64,원,ECOS,USD/KRW
2016-12-01,CNY,KRW,170.71,원,ECOS,CNY/KRW
2016-12-01,EUR,KRW,1245.51,원,ECOS,EUR/KRW
2016-12-01,EUR,USD,1.0536,달러,ECOS,EUR/USD
2016-12-01,JPY,KRW,1019.36,원,ECOS,JPY/KRW
2016-12-01,USD,KRW,1182.28,원,ECOS,USD/KRW
2017-01-01,CNY,KRW,172.43,원,ECOS,CNY/KRW
2017-01-01,EUR,KRW,1257.71,원,ECOS,EUR/KRW
2017-01-01,EUR,USD,1.0614,달러,ECOS,EUR/USD
2017-01-01,JPY,KRW,1029.58,원,ECOS,JPY/KRW
2017-01-01,USD,KRW,1185.1,원,ECOS,USD/KRW
2017-02-01,CNY,KRW,167.21,원,ECOS,CNY/KRW
2017-02-01,EUR,KRW,1219.46,원,ECOS,EUR/KRW
2017-02-01,EUR,USD,1.0651,달러,ECOS,EUR/USD
2017-02-01,JPY,KRW,1012.77,원,ECOS,JPY/KRW
2017-02-01,USD,KRW,1144.92,원,ECOS,USD/KRW
2017-03-01,CNY,KRW,164.84,원,ECOS,CNY/KRW
2017-03-01,EUR,KRW,1213.1,원,ECOS,EUR/KRW
2017-03-01,EUR,USD,1.0691,달러,ECOS,EUR/USD
2017-03-01,JPY,KRW,1004.41,원,ECOS,JPY/KRW
2017-03-01,USD,KRW,1134.77,원,ECOS,USD/KRW
2017-04-01,CNY,KRW,164.49,원,ECOS,CNY/KRW
2017-04-01,EUR,KRW,1213.41,원,ECOS,EUR/KRW
2017-04-01,EUR,USD,1.0713,달러,ECOS,EUR/USD
2017-04-01,JPY,KRW,1029.02,원,ECOS,JPY/KRW
2017-04-01,USD,KRW,1132.73,원,ECOS,USD/KRW
2017-05-01,CNY,KRW,163.52,원,ECOS,CNY/KRW
2017-05-01,EUR,KRW,1245.11,원,ECOS,EUR/KRW
2017-05-01,EUR,USD,1.1065,달러,ECOS,EUR/USD
2017-05-01,JPY,KRW,1002.87,원,ECOS,JPY/KRW
2017-05-01,USD,KRW,1125.28,원,ECOS,USD/KRW
2017-06-01,CNY,KRW,166.14,원,ECOS,CNY/KRW
2017-06-01,EUR,KRW,1268.83,원,ECOS,EUR/KRW
2017-06-01,EUR,USD,1.1228,달러,ECOS,EUR/USD
2017-06-01,JPY,KRW,1019.24,원,ECOS,JPY/KRW
2017-06-01,USD,KRW,1130.04,원,ECOS,USD/KRW
2017-07-01,CNY,KRW,167.47,원,ECOS,CNY/KRW
2017-07-01,EUR,KRW,1305.93,원,ECOS,EUR/KRW
2017-07-01,EUR,USD,1.1514,달러,ECOS,EUR/USD
2017-07-01,JPY,KRW,1008.68,원,ECOS,JPY/KRW
2017-07-01,USD,KRW,1134.4,원,ECOS,USD/KRW
2017-08-01,CNY,KRW,169.16,원,ECOS,CNY/KRW
2017-08-01,EUR,KRW,1336.51,원,ECOS,EUR/KRW
2017-08-01,EUR,USD,1.182,달러,ECOS,EUR/USD
2017-08-01,JPY,KRW,1029.7,원,ECOS,JPY/KRW
2017-08-01,USD,KRW,1130.79,원,ECOS,USD/KRW
2017-09-01,CNY,KRW,172.34,원,ECOS,CNY/KRW
2017-09-01,EUR,KRW,1347.86,원,ECOS,EUR/KRW
2017-09-01,EUR,USD,1.1911,달러,ECOS,EUR/USD
2017-09-01,JPY,KRW,1022.47,원,ECOS,JPY/KRW
2017-09-01,USD,KRW,1131.59,원,ECOS,USD/KRW
2017-10-01,CNY,KRW,171.08,원,ECOS,CNY/KRW
2017-10-01,EUR,KRW,1331.28,원,ECOS,EUR/KRW
2017-10-01,EUR,USD,1.1765,달러,ECOS,EUR/USD
2017-10-01,JPY,KRW,1001.7,원,ECOS,JPY/KRW
2017-10-01,USD,KRW,1131.57,원,ECOS,USD/KRW
2017-11-01,CNY,KRW,166.82,원,ECOS,CNY/KRW
2017-11-01,EUR,KRW,1296.16,원,ECOS,EUR/KRW
2017-11-01,EUR,USD,1.1731,달러,ECOS,EUR/USD
2017-11-01,JPY,KRW,978.92,원,ECOS,JPY/KRW
2017-11-01,USD,KRW,1105.04,원,ECOS,USD/KRW
2017-12-01,CNY,KRW,164.53,원,ECOS,CNY/KRW
2017-12-01,EUR,KRW,1284.44,원,ECOS,EUR/KRW
2017-12-01,EUR,USD,1.183,달러,ECOS,EUR/USD
2017-12-01,JPY,KRW,961.24,원,ECOS,JPY/KRW
2017-12-01,USD,KRW,1085.78,원,ECOS,USD/KRW
2018-01-01,CNY,KRW,165.58,원,ECOS,CNY/KRW
2018-01-01,EUR,KRW,1299.57,원,ECOS,EUR/KRW
2018-01-01,EUR,USD,1.2183,달러,ECOS,EUR/USD
2018-01-01,JPY,KRW,960.65,원,ECOS,JPY/KRW
2018-01-01,USD,KRW,1066.7,원,ECOS,USD/KRW
2018-02-01,CNY,KRW,170.94,원,ECOS,CNY/KRW
2018-02-01,EUR,KRW,1332.23,원,ECOS,EUR/KRW
2018-02-01,EUR,USD,1.234,달러,ECOS,EUR/USD
2018-02-01,JPY,KRW,998.14,원,ECOS,JPY/KRW
2018-02-01,USD,KRW,1079.58,원,ECOS,USD/KRW
2018-03-01,CNY,KRW,169.64,원,ECOS,CNY/KRW
2018-03-01,EUR,KRW,1322.89,원,ECOS,EUR/KRW
2018-03-01,EUR,USD,1.2342,달러,ECOS,EUR/USD
2018-03-01,JPY,KRW,1010.98,원,ECOS,JPY/KRW
2018-03-01,USD,KRW,1071.89,원,ECOS,USD/KRW
2018-04-01,CNY,KRW,169.77,원,ECOS,CNY/KRW
2018-04-01,EUR,KRW,1311.84,원,ECOS,EUR/KRW
2018-04-01,EUR,USD,1.2286,달러,ECOS,EUR/USD
2018-04-01,JPY,KRW,993.5,원,ECOS,JPY/KRW
2018-04-01,USD,KRW,1067.76,원,ECOS,USD/KRW
2018-05-01,CNY,KRW,169.16,원,ECOS,CNY/KRW
2018-05-01,EUR,KRW,1271.8,원,ECOS,EUR/KRW
2018-05-01,EUR,USD,1.1816,달러,ECOS,EUR/USD
2018-05-01,JPY,KRW,981.28,원,ECOS,JPY/KRW
2018-05-01,USD,KRW,1076.39,원,ECOS,USD/KRW
2018-06-01,CNY,KRW,169.14,원,ECOS,CNY/KRW
2018-06-01,EUR,KRW,1275.06,원,ECOS,EUR/KRW
2018-06-01,EUR,USD,1.1669,달러,ECOS,EUR/USD
2018-06-01,JPY,KRW,993.26,원,ECOS,JPY/KRW
2018-06-01,USD,KRW,1092.8,원,ECOS,USD/KRW
2018-07-01,CNY,KRW,167.13,원,ECOS,CNY/KRW
2018-07-01,EUR,KRW,1312.03,원,ECOS,EUR/KRW
2018-07-01,EUR,USD,1.1685,달러,ECOS,EUR/USD
2018-07-01,JPY,KRW,1007.84,원,ECOS,JPY/KRW
2018-07-01,USD,KRW,1122.8,원,ECOS,USD/KRW
2018-08-01,CNY,KRW,163.73,원,ECOS,CNY/KRW
2018-08-01,EUR,KRW,1296.08,원,ECOS,EUR/KRW
2018-08-01,EUR,USD,1.1561,달러,ECOS,EUR/USD
2018-08-01,JPY,KRW,1009.76,원,ECOS,JPY/KRW
2018-08-01,USD,KRW,1121.15,원,ECOS,USD/KRW
2018-09-01,CNY,KRW,163.43,원,ECOS,CNY/KRW
2018-09-01,EUR,KRW,1304.74,원,ECOS,EUR/KRW
2018-09-01,EUR,USD,1.1643,달러,ECOS,EUR/USD
2018-09-01,JPY,KRW,1002.78,원,ECOS,JPY/KRW
2018-09-01,USD,KRW,1120.6,원,ECOS,USD/KRW
2018-10-01,CNY,KRW,163.3,원,ECOS,CNY/KRW
2018-10-01,EUR,KRW,1299.55,원,ECOS,EUR/KRW
2018-10-01,EUR,USD,1.1493,달러,ECOS,EUR/USD
2018-10-01,JPY,KRW,1002.97,원,ECOS,JPY/KRW
2018-10-01,USD,KRW,1130.81,원,ECOS,USD/KRW
2018-11-01,CNY,KRW,162.66,원,ECOS,CNY/KRW
2018-11-01,EUR,KRW,1282.44,원,ECOS,EUR/KRW
2018-11-01,EUR,USD,1.1363,달러,ECOS,EUR/USD
2018-11-01,JPY,KRW,996.02,원,ECOS,JPY/KRW
2018-11-01,USD,KRW,1128.58,원,ECOS,USD/KRW
2018-12-01,CNY,KRW,162.94,원,ECOS,CNY/KRW
2018-12-01,EUR,KRW,1277.0,원,ECOS,EUR/KRW
2018-12-01,EUR,USD,1.1372,달러,ECOS,EUR/USD
2018-12-01,JPY,KRW,999.21,원,ECOS,JPY/KRW
2018-12-01,USD,KRW,1122.9,원,ECOS,USD/KRW
2019-01-01,CNY,KRW,164.93,원,ECOS,CNY/KRW
2019-01-01,EUR,KRW,1281.52,원,ECOS,EUR/KRW
2019-01-01,EUR,USD,1.1422,달러,ECOS,EUR/USD
2019-01-01,JPY,KRW,1030.47,원,ECOS,JPY/KRW
2019-01-01,USD,KRW,1122.0,원,ECOS,USD/KRW
2019-02-01,CNY,KRW,166.36,원,ECOS,CNY/KRW
2019-02-01,EUR,KRW,1272.47,원,ECOS,EUR/KRW
2019-02-01,EUR,USD,1.1337,달러,ECOS,EUR/USD
2019-02-01,JPY,KRW,1016.48,원,ECOS,JPY/KRW
2019-02-01,USD,KRW,1122.45,원,ECOS,USD/KRW
2019-03-01,CNY,KRW,168.38,원,ECOS,CNY/KRW
2019-03-01,EUR,KRW,1278.47,원,ECOS,EUR/KRW
2019-03-01,EUR,USD,1.1307,달러,ECOS,EUR/USD
2019-03-01,JPY,KRW,1017.35,원,ECOS,JPY/KRW
2019-03-01,USD,KRW,1130.72,원,ECOS,USD/KRW
2019-04-01,CNY,KRW,169.82,원,ECOS,CNY/KRW
2019-04-01,EUR,KRW,1281.77,원,ECOS,EUR/KRW
2019-04-01,EUR,USD,1.1234,달러,ECOS,EUR/USD
2019-04-01,JPY,KRW,1021.89,원,ECOS,JPY/KRW
2019-04-01,USD,KRW,1140.95,원,ECOS,USD/KRW
2019-05-01,CNY,KRW,172.15,원,ECOS,CNY/KRW
2019-05-01,EUR,KRW,1323.65,원,ECOS,EUR/KRW
2019-05-01,EUR,USD,1.1186,달러,ECOS,EUR/USD
2019-05-01,JPY,KRW,1075.9,원,ECOS,JPY/KRW
2019-05-01,USD,KRW,1183.29,원,ECOS,USD/KRW
2019-06-01,CNY,KRW,170.04,원,ECOS,CNY/KRW
2019-06-01,EUR,KRW,1327.32,원,ECOS,EUR/KRW
2019-06-01,EUR,USD,1.1291,달러,ECOS,EUR/USD
2019-06-01,JPY,KRW,1087.71,원,ECOS,JPY/KRW
2019-06-01,USD,KRW,1175.62,원,ECOS,USD/KRW
2019-07-01,CNY,KRW,170.86,원,ECOS,CNY/KRW
2019-07-01,EUR,KRW,1319.42,원,ECOS,EUR/KRW
2019-07-01,EUR,USD,1.1226,달러,ECOS,EUR/USD
2019-07-01,JPY,KRW,1085.91,원,ECOS,JPY/KRW
2019-07-01,USD,KRW,1175.31,원,ECOS,USD/KRW
2019-08-01,CNY,KRW,171.03,원,ECOS,CNY/KRW
2019-08-01,EUR,KRW,1345.55,원,ECOS,EUR/KRW
2019-08-01,EUR,USD,1.113,달러,ECOS,EUR/USD
2019-08-01,JPY,KRW,1137.45,원,ECOS,JPY/KRW
2019-08-01,USD,KRW,1208.98,원,ECOS,USD/KRW
2019-09-01,CNY,KRW,168.17,원,ECOS,CNY/KRW
2019-09-01,EUR,KRW,1318.51,원,ECOS,EUR/KRW
2019-09-01,EUR,USD,1.101,달러,ECOS,EUR/USD
2019-09-01,JPY,KRW,1115.69,원,ECOS,JPY/KRW
2019-09-01,USD,KRW,1197.55,원,ECOS,USD/KRW
2019-10-01,CNY,KRW,166.89,원,ECOS,CNY/KRW
2019-10-01,EUR,KRW,1309.03,원,ECOS,EUR/KRW
2019-10-01,EUR,USD,1.1055,달러,ECOS,EUR/USD
2019-10-01,JPY,KRW,1094.19,원,ECOS,JPY/KRW
2019-10-01,USD,KRW,1184.13,원,ECOS,USD/KRW
2019-11-01,CNY,KRW,166.27,원,ECOS,CNY/KRW
2019-11-01,EUR,KRW,1290.56,원,ECOS,EUR/KRW
2019-11-01,EUR,USD,1.1055,달러,ECOS,EUR/USD
2019-11-01,JPY,KRW,1072.87,원,ECOS,JPY/KRW
2019-11-01,USD,KRW,1167.45,원,ECOS,USD/KRW
2019-12-01,CNY,KRW,167.58,원,ECOS,CNY/KRW
2019-12-01,EUR,KRW,1306.33,원,ECOS,EUR/KRW
2019-12-01,EUR,USD,1.111,달러,ECOS,EUR/USD
2019-12-01,JPY,KRW,1077.22,원,ECOS,JPY/KRW
2019-12-01,USD,KRW,1175.84,원,ECOS,USD/KRW
2020-01-01,CNY,KRW,168.01,원,ECOS,CNY/KRW
2020-01-01,EUR,KRW,1293.7,원,ECOS,EUR/KRW
2020-01-01,EUR,USD,1.1112,달러,ECOS,EUR/USD
2020-01-01,JPY,KRW,1065.25,원,ECOS,JPY/KRW
2020-01-01,USD,KRW,1164.28,원,ECOS,USD/KRW
2020-02-01,CNY,KRW,170.48,원,ECOS,CNY/KRW
2020-02-01,EUR,KRW,1302.33,원,ECOS,EUR/KRW
2020-02-01,EUR,USD,1.0909,달러,ECOS,EUR/USD
2020-02-01,JPY,KRW,1084.95,원,ECOS,JPY/KRW
2020-02-01,USD,KRW,1193.79,원,ECOS,USD/KRW
2020-03-01,CNY,KRW,173.78,원,ECOS,CNY/KRW
2020-03-01,EUR,KRW,1350.35,원,ECOS,EUR/KRW
2020-03-01,EUR,USD,1.1072,달러,ECOS,EUR/USD
2020-03-01,JPY,KRW,1134.75,원,ECOS,JPY/KRW
2020-03-01,USD,KRW,1220.09,원,ECOS,USD/KRW
2020-04-01,CNY,KRW,172.92,원,ECOS,CNY/KRW
2020-04-01,EUR,KRW,1331.71,원,ECOS,EUR/KRW
2020-04-01,EUR,USD,1.0869,달러,ECOS,EUR/USD
2020-04-01,JPY,KRW,1135.31,원,ECOS,JPY/KRW
2020-04-01,USD,KRW,1225.23,원,ECOS,USD/KRW
2020-05-01,CNY,KRW,172.52,원,ECOS,CNY/KRW
2020-05-01,EUR,KRW,1338.74,원,ECOS,EUR/KRW
2020-05-01,EUR,USD,1.0896,달러,ECOS,EUR/USD
2020-05-01,JPY,KRW,1145.65,원,ECOS,JPY/KRW
2020-05-01,USD,KRW,1228.67,원,ECOS,USD/KRW
2020-06-01,CNY,KRW,170.65,원,ECOS,CNY/KRW
2020-06-01,EUR,KRW,1361.77,원,ECOS,EUR/KRW
2020-06-01,EUR,USD,1.1255,달러,ECOS,EUR/USD
2020-06-01,JPY,KRW,1124.69,원,ECOS,JPY/KRW
2020-06-01,USD,KRW,1210.01,원,ECOS,USD/KRW
2020-07-01,CNY,KRW,170.92,원,ECOS,CNY/KRW
2020-07-01,EUR,KRW,1372.98,원,ECOS,EUR/KRW
2020-07-01,EUR,USD,1.1452,달러,ECOS,EUR/USD
2020-07-01,JPY,KRW,1122.38,원,ECOS,JPY/KRW
2020-07-01,USD,KRW,1198.9,원,ECOS,USD/KRW
2020-08-01,CNY,KRW,171.14,원,ECOS,CNY/KRW
2020-08-01,EUR,KRW,1403.36,원,ECOS,EUR/KRW
2020-08-01,EUR,USD,1.1824,달러,ECOS,EUR/USD
2020-08-01,JPY,KRW,1119.52,원,ECOS,JPY/KRW
2020-08-01,USD,KRW,1186.85,원,ECOS,USD/KRW
2020-09-01,CNY,KRW,172.98,원,ECOS,CNY/KRW
2020-09-01,EUR,KRW,1391.02,원,ECOS,EUR/KRW
2020-09-01,EUR,USD,1.18,달러,ECOS,EUR/USD
2020-09-01,JPY,KRW,1116.0,원,ECOS,JPY/KRW
2020-09-01,USD,KRW,1178.8,원,ECOS,USD/KRW
2020-10-01,CNY,KRW,170.51,원,ECOS,CNY/KRW
2020-10-01,EUR,KRW,1347.55,원,ECOS,EUR/KRW
2020-10-01,EUR,USD,1.1772,달러,ECOS,EUR/USD
2020-10-01,JPY,KRW,1088.09,원,ECOS,JPY/KRW
2020-10-01,USD,KRW,1144.68,원,ECOS,USD/KRW
2020-11-01,CNY,KRW,169.07,원,ECOS,CNY/KRW
2020-11-01,EUR,KRW,1320.66,원,ECOS,EUR/KRW
2020-11-01,EUR,USD,1.1826,달러,ECOS,EUR/USD
2020-11-01,JPY,KRW,1069.4,원,ECOS,JPY/KRW
2020-11-01,USD,KRW,1116.76,원,ECOS,USD/KRW
2020-12-01,CNY,KRW,167.63,원,ECOS,CNY/KRW
2020-12-01,EUR,KRW,1331.75,원,ECOS,EUR/KRW
2020-12-01,EUR,USD,1.2161,달러,ECOS,EUR/USD
2020-12-01,JPY,KRW,1054.81,원,ECOS,JPY/KRW
2020-12-01,USD,KRW,1095.13,원,ECOS,USD/KRW
2021-01-01,CNY,KRW,169.61,원,ECOS,CNY/KRW
2021-01-01,EUR,KRW,1336.31,원,ECOS,EUR/KRW
2021-01-01,EUR,USD,1.2177,달러,ECOS,EUR/USD
2021-01-01,JPY,KRW,1058.52,원,ECOS,JPY/KRW
2021-01-01,USD,KRW,1097.49,원,ECOS,USD/KRW
2021-02-01,CNY,KRW,172.34,원,ECOS,CNY/KRW
2021-02-01,EUR,KRW,1344.6,원,ECOS,EUR/KRW
2021-02-01,EUR,USD,1.2095,달러,ECOS,EUR/USD
2021-02-01,JPY,KRW,1055.14,원,ECOS,JPY/KRW
2021-02-01,USD,KRW,1111.72,원,ECOS,USD/KRW
2021-03-01,CNY,KRW,173.76,원,ECOS,CNY/KRW
2021-03-01,EUR,KRW,1346.74,원,ECOS,EUR/KRW
2021-03-01,EUR,USD,1.1908,달러,ECOS,EUR/USD
2021-03-01,JPY,KRW,1040.86,원,ECOS,JPY/KRW
2021-03-01,USD,KRW,1131.02,원,ECOS,USD/KRW
2021-04-01,CNY,KRW,171.44,원,ECOS,CNY/KRW
2021-04-01,EUR,KRW,1338.47,원,ECOS,EUR/KRW
2021-04-01,EUR,USD,1.1958,달러,ECOS,EUR/USD
2021-04-01,JPY,KRW,1025.98,원,ECOS,JPY/KRW
2021-04-01,USD,KRW,1119.4,원,ECOS,USD/KRW
2021-05-01,CNY,KRW,174.55,원,ECOS,CNY/KRW
2021-05-01,EUR,KRW,1363.91,원,ECOS,EUR/KRW
2021-05-01,EUR,USD,1.2142,달러,ECOS,EUR/USD
2021-05-01,JPY,KRW,1029.14,원,ECOS,JPY/KRW
2021-05-01,USD,KRW,1123.28,원,ECOS,USD/KRW
2021-06-01,CNY,KRW,174.66,원,ECOS,CNY/KRW
2021-06-01,EUR,KRW,1351.94,원,ECOS,EUR/KRW
2021-06-01,EUR,USD,1.2058,달러,ECOS,EUR/USD
2021-06-01,JPY,KRW,1018.5,원,ECOS,JPY/KRW
2021-06-01,USD,KRW,1121.3,원,ECOS,USD/KRW
2021-07-01,CNY,KRW,176.6,원,ECOS,CNY/KRW
2021-07-01,EUR,KRW,1352.72,원,ECOS,EUR/KRW
2021-07-01,EUR,USD,1.1825,달러,ECOS,EUR/USD
2021-07-01,JPY,KRW,1037.25,원,ECOS,JPY/KRW
2021-07-01,USD,KRW,1143.98,원,ECOS,USD/KRW
2021-08-01,CNY,KRW,179.13,원,ECOS,CNY/KRW
2021-08-01,EUR,KRW,1365.63,원,ECOS,EUR/KRW
2021-08-01,EUR,USD,1.177,달러,ECOS,EUR/USD
2021-08-01,JPY,KRW,1056.31,원,ECOS,JPY/KRW
2021-08-01,USD,KRW,1160.34,원,ECOS,USD/KRW
2021-09-01,CNY,KRW,181.18,원,ECOS,CNY/KRW
2021-09-01,EUR,KRW,1378.19,원,ECOS,EUR/KRW
2021-09-01,EUR,USD,1.1785,달러,ECOS,EUR/USD
2021-09-01,JPY,KRW,1061.22,원,ECOS,JPY/KRW
2021-09-01,USD,KRW,1169.54,원,ECOS,USD/KRW
2021-10-01,CNY,KRW,184.06,원,ECOS,CNY/KRW
2021-10-01,EUR,KRW,1372.24,원,ECOS,EUR/KRW
2021-10-01,EUR,USD,1.1602,달러,ECOS,EUR/USD
2021-10-01,JPY,KRW,1044.91,원,ECOS,JPY/KRW
2021-10-01,USD,KRW,1182.82,원,ECOS,USD/KRW
2021-11-01,CNY,KRW,185.11,원,ECOS,CNY/KRW
2021-11-01,EUR,KRW,1350.43,원,ECOS,EUR/KRW
2021-11-01,EUR,USD,1.1417,달러,ECOS,EUR/USD
2021-11-01,JPY,KRW,1036.36,원,ECOS,JPY/KRW
2021-11-01,USD,KRW,1182.91,원,ECOS,USD/KRW
2021-12-01,CNY,KRW,185.74,원,ECOS,CNY/KRW
2021-12-01,EUR,KRW,1338.19,원,ECOS,EUR/KRW
2021-12-01,EUR,USD,1.1305,달러,ECOS,EUR/USD
2021-12-01,JPY,KRW,1039.51,원,ECOS,JPY/KRW
2021-12-01,USD,KRW,1183.7,원,ECOS,USD/KRW
2022-01-01,CNY,KRW,187.75,원,ECOS,CNY/KRW
2022-01-01,EUR,KRW,1353.2,원,ECOS,EUR/KRW
2022-01-01,EUR,USD,1.1334,달러,ECOS,EUR/USD
2022-01-01,JPY,KRW,1039.55,원,ECOS,JPY/KRW
2022-01-01,USD,KRW,1194.01,원,ECOS,USD/KRW
2022-02-01,CNY,KRW,188.81,원,ECOS,CNY/KRW
2022-02-01,EUR,KRW,1359.89,원,ECOS,EUR/KRW
2022-02-01,EUR,USD,1.1348,달러,ECOS,EUR/USD
2022-02-01,JPY,KRW,1039.85,원,ECOS,JPY/KRW
2022-02-01,USD,KRW,1198.34,원,ECOS,USD/KRW
2022-03-01,CNY,KRW,192.16,원,ECOS,CNY/KRW
2022-03-01,EUR,KRW,1345.33,원,ECOS,EUR/KRW
2022-03-01,EUR,USD,1.1018,달러,ECOS,EUR/USD
2022-03-01,JPY,KRW,1028.59,원,ECOS,JPY/KRW
2022-03-01,USD,KRW,1221.03,원,ECOS,USD/KRW
2022-04-01,CNY,KRW,191.82,원,ECOS,CNY/KRW
2022-04-01,EUR,KRW,1334.08,원,ECOS,EUR/KRW
2022-04-01,EUR,USD,1.0827,달러,ECOS,EUR/USD
2022-04-01,JPY,KRW,977.38,원,ECOS,JPY/KRW
2022-04-01,USD,KRW,1232.34,원,ECOS,USD/KRW
2022-05-01,CNY,KRW,188.78,원,ECOS,CNY/KRW
2022-05-01,EUR,KRW,1342.43,원,ECOS,EUR/KRW
2022-05-01,EUR,USD,1.0572,달러,ECOS,EUR/USD
2022-05-01,JPY,KRW,985.49,원,ECOS,JPY/KRW
2022-05-01,USD,KRW,1269.88,원,ECOS,USD/KRW
2022-06-01,CNY,KRW,190.68,원,ECOS,CNY/KRW
2022-06-01,EUR,KRW,1348.96,원,ECOS,EUR/KRW
2022-06-01,EUR,USD,1.05618,달러,ECOS,EUR/USD
2022-06-01,JPY,KRW,951.34,원,ECOS,JPY/KRW
2022-06-01,USD,KRW,1277.35,원,ECOS,USD/KRW
2022-07-01,CNY,KRW,194.13,원,ECOS,CNY/KRW
2022-07-01,EUR,KRW,1332.91,원,ECOS,EUR/KRW
2022-07-01,EUR,USD,1.01955,달러,ECOS,EUR/USD
2022-07-01,JPY,KRW,955.93,원,ECOS,JPY/KRW
2022-07-01,USD,KRW,1307.4,원,ECOS,USD/KRW
2022-08-01,CNY,KRW,193.75,원,ECOS,CNY/KRW
2022-08-01,EUR,KRW,1334.53,원,ECOS,EUR/KRW
2022-08-01,EUR,USD,1.01234,달러,ECOS,EUR/USD
2022-08-01,JPY,KRW,975.17,원,ECOS,JPY/KRW
2022-08-01,USD,KRW,1318.44,원,ECOS,USD/KRW
2022-09-01,CNY,KRW,198.19,원,ECOS,CNY/KRW
2022-09-01,EUR,KRW,1377.09,원,ECOS,EUR/KRW
2022-09-01,EUR,USD,0.98977,달러,ECOS,EUR/USD
2022-09-01,JPY,KRW,973.2,원,ECOS,JPY/KRW
2022-09-01,USD,KRW,1391.59,원,ECOS,USD/KRW
2022-10-01,CNY,KRW,198.37,원,ECOS,CNY/KRW
2022-10-01,EUR,KRW,1404.83,원,ECOS,EUR/KRW
2022-10-01,EUR,USD,0.98469,달러,ECOS,EUR/USD
2022-10-01,JPY,KRW,969.36,원,ECOS,JPY/KRW
2022-10-01,USD,KRW,1426.66,원,ECOS,USD/KRW
2022-11-01,CNY,KRW,189.53,원,ECOS,CNY/KRW
2022-11-01,EUR,KRW,1388.29,원,ECOS,EUR/KRW
2022-11-01,EUR,USD,1.01829,달러,ECOS,EUR/USD
2022-11-01,JPY,KRW,956.51,원,ECOS,JPY/KRW
2022-11-01,USD,KRW,1364.1,원,ECOS,USD/KRW
2022-12-01,CNY,KRW,185.47,원,ECOS,CNY/KRW
2022-12-01,EUR,KRW,1371.13,원,ECOS,EUR/KRW
2022-12-01,EUR,USD,1.05784,달러,ECOS,EUR/USD
2022-12-01,JPY,KRW,959.12,원,ECOS,JPY/KRW
2022-12-01,USD,KRW,1296.22,원,ECOS,USD/KRW
2023-01-01,CNY,KRW,183.16,원,ECOS,CNY/KRW
2023-01-01,EUR,KRW,1342.37,원,ECOS,EUR/KRW
2023-01-01,EUR,USD,1.07639,달러,ECOS,EUR/USD
2023-01-01,JPY,KRW,956.76,원,ECOS,JPY/KRW
2023-01-01,USD,KRW,1247.25,원,ECOS,USD/KRW
2023-02-01,CNY,KRW,185.97,원,ECOS,CNY/KRW
2023-02-01,EUR,KRW,1361.65,원,ECOS,EUR/KRW
2023-02-01,EUR,USD,1.07175,달러,ECOS,EUR/USD
2023-02-01,JPY,KRW,956.68,원,ECOS,JPY/KRW
2023-02-01,USD,KRW,1270.74,원,ECOS,USD/KRW
2023-03-01,CNY,KRW,189.1,원,ECOS,CNY/KRW
2023-03-01,EUR,KRW,1398.5,원,ECOS,EUR/KRW
2023-03-01,EUR,USD,1.07109,달러,ECOS,EUR/USD
2023-03-01,JPY,KRW,977.31,원,ECOS,JPY/KRW
2023-03-01,USD,KRW,1305.73,원,ECOS,USD/KRW
2023-04-01,CNY,KRW,191.6,원,ECOS,CNY/KRW
2023-04-01,EUR,KRW,1446.41,원,ECOS,EUR/KRW
2023-04-01,EUR,USD,1.09573,달러,ECOS,EUR/USD
2023-04-01,JPY,KRW,990.52,원,ECOS,JPY/KRW
2023-04-01,USD,KRW,1320.01,원,ECOS,USD/KRW
2023-05-01,CNY,KRW,190.02,원,ECOS,CNY/KRW
2023-05-01,EUR,KRW,1444.2,원,ECOS,EUR/KRW
2023-05-01,EUR,USD,1.08731,달러,ECOS,EUR/USD
2023-05-01,JPY,KRW,969.37,원,ECOS,JPY/KRW
2023-05-01,USD,KRW,1328.21,원,ECOS,USD/KRW
2023-06-01,CNY,KRW,180.99,원,ECOS,CNY/KRW
2023-06-01,EUR,KRW,1405.98,원,ECOS,EUR/KRW
2023-06-01,EUR,USD,1.08431,달러,ECOS,EUR/USD
2023-06-01,JPY,KRW,918.39,원,ECOS,JPY/KRW
2023-06-01,USD,KRW,1296.71,원,ECOS,USD/KRW
2023-07-01,CNY,KRW,178.6,원,ECOS,CNY/KRW
2023-07-01,EUR,KRW,1421.87,원,ECOS,EUR/KRW
2023-07-01,EUR,USD,1.10553,달러,ECOS,EUR/USD
2023-07-01,JPY,KRW,911.74,원,ECOS,JPY/KRW
2023-07-01,USD,KRW,1286.3,원,ECOS,USD/KRW
2023-08-01,CNY,KRW,181.78,원,ECOS,CNY/KRW
2023-08-01,EUR,KRW,1439.04,원,ECOS,EUR/KRW
2023-08-01,EUR,USD,1.09151,달러,ECOS,EUR/USD
2023-08-01,JPY,KRW,911.4,원,ECOS,JPY/KRW
2023-08-01,USD,KRW,1318.47,원,ECOS,USD/KRW
2023-09-01,CNY,KRW,182.11,원,ECOS,CNY/KRW
2023-09-01,EUR,KRW,1422.61,원,ECOS,EUR/KRW
2023-09-01,EUR,USD,1.07008,달러,ECOS,EUR/USD
2023-09-01,JPY,KRW,901.65,원,ECOS,JPY/KRW
2023-09-01,USD,KRW,1329.47,원,ECOS,USD/KRW
2023-10-01,CNY,KRW,184.62,원,ECOS,CNY/KRW
2023-10-01,EUR,KRW,1427.31,원,ECOS,EUR/KRW
2023-10-01,EUR,USD,1.05672,달러,ECOS,EUR/USD
2023-10-01,JPY,KRW,903.72,원,ECOS,JPY/KRW
2023-10-01,USD,KRW,1350.69,원,ECOS,USD/KRW
2023-11-01,CNY,KRW,180.86,원,ECOS,CNY/KRW
2023-11-01,EUR,KRW,1415.59,원,ECOS,EUR/KRW
2023-11-01,EUR,USD,1.08043,달러,ECOS,EUR/USD
2023-11-01,JPY,KRW,874.28,원,ECOS,JPY/KRW
2023-11-01,USD,KRW,1310.39,원,ECOS,USD/KRW
2023-12-01,CNY,KRW,182.29,원,ECOS,CNY/KRW
2023-12-01,EUR,KRW,1422.28,원,ECOS,EUR/KRW
2023-12-01,EUR,USD,1.09078,달러,ECOS,EUR/USD
2023-12-01,JPY,KRW,904.83,원,ECOS,JPY/KRW
2023-12-01,USD,KRW,1303.98,원,ECOS,USD/KRW
2024-01-01,CNY,KRW,184.41,원,ECOS,CNY/KRW
2024-01-01,EUR,KRW,1444.12,원,ECOS,EUR/KRW
2024-01-01,EUR,USD,1.09113,달러,ECOS,EUR/USD
2024-01-01,JPY,KRW,906.71,원,ECOS,JPY/KRW
2024-01-01,USD,KRW,1323.57,원,ECOS,USD/KRW
2024-02-01,CNY,KRW,184.82,원,ECOS,CNY/KRW
2024-02-01,EUR,KRW,1437.52,원,ECOS,EUR/KRW
2024-02-01,EUR,USD,1.07943,달러,ECOS,EUR/USD
2024-02-01,JPY,KRW,891.08,원,ECOS,JPY/KRW
2024-02-01,USD,KRW,1331.74,원,ECOS,USD/KRW
2024-03-01,CNY,KRW,184.48,원,ECOS,CNY/KRW
2024-03-01,EUR,KRW,1447.27,원,ECOS,EUR/KRW
2024-03-01,EUR,USD,1.08763,달러,ECOS,EUR/USD
2024-03-01,JPY,KRW,889.12,원,ECOS,JPY/KRW
2024-03-01,USD,KRW,1330.69,원,ECOS,USD/KRW
2024-04-01,CNY,KRW,188.52,원,ECOS,CNY/KRW
2024-04-01,EUR,KRW,1466.77,원,ECOS,EUR/KRW
2024-04-01,EUR,USD,1.0724,달러,ECOS,EUR/USD
2024-04-01,JPY,KRW,889.97,원,ECOS,JPY/KRW
2024-04-01,USD,KRW,1367.83,원,ECOS,USD/KRW
2024-05-01,CNY,KRW,188.54,원,ECOS,CNY/KRW
2024-05-01,EUR,KRW,1476.24,원,ECOS,EUR/KRW
2024-05-01,EUR,USD,1.0812,달러,ECOS,EUR/USD
2024-05-01,JPY,KRW,875.88,원,ECOS,JPY/KRW
2024-05-01,USD,KRW,1365.39,원,ECOS,USD/KRW
2024-06-01,CNY,KRW,189.8,원,ECOS,CNY/KRW
2024-06-01,EUR,KRW,1485.57,원,ECOS,EUR/KRW
2024-06-01,EUR,USD,1.07642,달러,ECOS,EUR/USD
2024-06-01,JPY,KRW,874.32,원,ECOS,JPY/KRW
2024-06-01,USD,KRW,1380.13,원,ECOS,USD/KRW
2024-07-01,CNY,KRW,189.91,원,ECOS,CNY/KRW
2024-07-01,EUR,KRW,1499.68,원,ECOS,EUR/KRW
2024-07-01,EUR,USD,1.08407,달러,ECOS,EUR/USD
2024-07-01,JPY,KRW,875.3,원,ECOS,JPY/KRW
2024-07-01,USD,KRW,1383.38,원,ECOS,USD/KRW
2024-08-01,CNY,KRW,189.07,원,ECOS,CNY/KRW
2024-08-01,EUR,KRW,1491.48,원,ECOS,EUR/KRW
2024-08-01,EUR,USD,1.10156,달러,ECOS,EUR/USD
2024-08-01,JPY,KRW,925.99,원,ECOS,JPY/KRW
2024-08-01,USD,KRW,1354.15,원,ECOS,USD/KRW
2024-09-01,CNY,KRW,188.53,원,ECOS,CNY/KRW
2024-09-01,EUR,KRW,1481.6,원,ECOS,EUR/KRW
2024-09-01,EUR,USD,1.10998,달러,ECOS,EUR/USD
2024-09-01,JPY,KRW,929.25,원,ECOS,JPY/KRW
2024-09-01,USD,KRW,1334.82,원,ECOS,USD/KRW
2024-10-01,CNY,KRW,191.63,원,ECOS,CNY/KRW
2024-10-01,EUR,KRW,1481.35,원,ECOS,EUR/KRW
2024-10-01,EUR,USD,1.08856,달러,ECOS,EUR/USD
2024-10-01,JPY,KRW,906.77,원,ECOS,JPY/KRW
2024-10-01,USD,KRW,1361.0,원,ECOS,USD/KRW
2024-11-01,CNY,KRW,193.27,원,ECOS,CNY/KRW
2024-11-01,EUR,KRW,1482.93,원,ECOS,EUR/KRW
2024-11-01,EUR,USD,1.06435,달러,ECOS,EUR/USD
2024-11-01,JPY,KRW,907.16,원,ECOS,JPY/KRW
2024-11-01,USD,KRW,1393.38,원,ECOS,USD/KRW
2024-12-01,CNY,KRW,196.93,원,ECOS,CNY/KRW
2024-12-01,EUR,KRW,1502.63,원,ECOS,EUR/KRW
2024-12-01,EUR,USD,1.04762,달러,ECOS,EUR/USD
2024-12-01,JPY,KRW,934.25,원,ECOS,JPY/KRW
2024-12-01,USD,KRW,1434.42,원,ECOS,USD/KRW
2025-01-01,CNY,KRW,198.71,원,ECOS,CNY/KRW
2025-01-01,EUR,KRW,1504.11,원,ECOS,EUR/KRW
2025-01-01,EUR,USD,1.03322,달러,ECOS,EUR/USD
2025-01-01,JPY,KRW,927.97,원,ECOS,JPY/KRW
2025-01-01,USD,KRW,1455.79,원,ECOS,USD/KRW
2025-02-01,CNY,KRW,198.43,원,ECOS,CNY/KRW
2025-02-01,EUR,KRW,1505.44,원,ECOS,EUR/KRW
2025-02-01,EUR,USD,1.04146,달러,ECOS,EUR/USD
2025-02-01,JPY,KRW,952.59,원,ECOS,JPY/KRW
2025-02-01,USD,KRW,1445.56,원,ECOS,USD/KRW
2025-03-01,CNY,KRW,200.79,원,ECOS,CNY/KRW
2025-03-01,EUR,KRW,1575.91,원,ECOS,EUR/KRW
2025-03-01,EUR,USD,1.08167,달러,ECOS,EUR/USD
2025-03-01,JPY,KRW,977.77,원,ECOS,JPY/KRW
2025-03-01,USD,KRW,1456.95,원,ECOS,USD/KRW
2025-04-01,CNY,KRW,197.7,원,ECOS,CNY/KRW
2025-04-01,EUR,KRW,1617.71,원,ECOS,EUR/KRW
2025-04-01,EUR,USD,1.12034,달러,ECOS,EUR/USD
2025-04-01,JPY,KRW,999.96,원,ECOS,JPY/KRW
2025-04-01,USD,KRW,1444.31,원,ECOS,USD/KRW
2025-05-01,CNY,KRW,193.37,원,ECOS,CNY/KRW
2025-05-01,EUR,KRW,1571.45,원,ECOS,EUR/KRW
2025-05-01,EUR,USD,1.12694,달러,ECOS,EUR/USD
2025-05-01,JPY,KRW,962.28,원,ECOS,JPY/KRW
2025-05-01,USD,KRW,1394.49,원,ECOS,USD/KRW
2025-06-01,CNY,KRW,190.3,원,ECOS,CNY/KRW
2025-06-01,EUR,KRW,1574.56,원,ECOS,EUR/KRW
2025-06-01,EUR,USD,1.15191,달러,ECOS,EUR/USD
2025-06-01,JPY,KRW,944.94,원,ECOS,JPY/KRW
2025-06-01,USD,KRW,1366.95,원,ECOS,USD/KRW
